row_idx,AUC_P_Cell_death,AUC_P_Hepatocyte_injury,AUC_P_Inflammation
3,26093.130291311292,28251.644556699277,29598.921906225078
2,25968.650721208636,28248.100142997588,29576.7961235072
1,25968.650720729383,28248.10014311778,29576.79612350314
0,25968.6507230452,28242.756663187498,29576.796123468033
4,26092.727760395574,28251.603885490218,29598.92190621788
5,26092.727763679617,28244.973557033656,29598.921906379073
6,26092.727765534113,28978.941951349974,29598.921906262258
7,26092.727760607646,28681.454460604193,29598.921906146083
9,28859.207295323566,28685.32960504781,29607.55655520985
10,28859.20729532343,28685.329605051003,29607.55655520442
11,28859.207295079257,28685.32960488678,29607.556555198855
8,26140.553252901285,28683.29807442669,29607.5565549343
12,28859.207295079224,28685.32960489216,29607.55655518997
14,28841.942331056955,28597.669281022674,29588.08716726122
13,28841.94232871759,28681.803775777986,29588.087167254438
15,28841.942330998332,28508.039264034873,29588.087167262944
17,28841.942331688362,28280.312120778744,29588.08716726258
16,28841.94233099839,28508.039264015028,29588.087167261972
18,28841.777808972023,28280.266628938964,29588.087167172336
19,28841.777808972005,28280.266628936624,29588.087167170474
21,28812.920038225697,27938.93010240931,29588.087167292695
20,28841.777809299707,27943.805797753874,29588.087167141526
23,28812.92003822606,27855.73779132085,29588.087167283302
22,28812.92003822618,27855.7377915524,29588.087167285594
26,28813.002922928135,27855.792046781342,29588.087167293506
25,28812.92003822612,27855.737791600084,29588.087167265505
24,28812.920038226097,27855.73779135519,29588.08716726769
27,28804.39689982443,27855.788861324596,29588.087166493366
29,28799.40407696578,27855.788172321165,29575.593416269574
30,28799.404077123167,27908.208011232397,29575.593416228858
28,28799.40407690657,27855.788176117392,29588.087166575686
31,28804.33102236356,27908.210357952295,29575.593416909265
32,29127.256592812646,27946.12222156091,29575.59341653371
33,29127.256592812635,27946.122219065077,29575.593416524738
34,29125.015442816926,27946.121845867674,29575.59341645535
35,29125.010132564592,27946.120618377667,29575.593416459255
36,29125.01013256458,27946.12061839184,29575.59341644482
37,29125.01013251699,27946.120607550747,29575.59341625755
39,29099.66362997333,27944.663510975217,29548.748371457004
38,29099.663629973315,27944.66351097254,29548.748371437003
40,29099.663630671803,27944.663505225184,29345.082867766927
42,29099.663630671675,27944.66350523186,29345.082867791993
43,29099.66363067596,25811.12286175866,29345.082867038367
41,29099.663630671817,27944.663505217028,29345.082867706195
44,29099.663630676027,25811.12285465576,29345.08286697069
45,29099.66175486284,25811.12055067971,29345.08286694213
46,29099.661754607303,25811.120541634562,29345.082866516168
47,29099.661754009572,25811.12049861767,29345.082865525736
49,29128.891729598465,25813.01795169268,29367.85238297446
50,29128.891731177464,26101.026658581504,29367.852384843987
48,29099.66175400965,25811.12054639522,29345.082865560325
51,29128.891731177464,26101.026658581504,29367.852384843987
52,29128.891731286123,26223.357253661106,29367.852385391077
54,29128.89173200893,26223.35724075516,29367.852385351827
53,29128.89173128615,26223.357237698463,29367.852385418082
56,29128.891731990505,26223.357231119182,29367.852385404334
55,29128.89173198561,26223.35723931424,29367.85238537844
57,29128.891731990392,26223.357242920178,29367.852385391074
58,29128.858192908192,26223.331585768894,29367.852385423095
59,23449.256780813837,28960.44289607745,29595.359826472322
60,23449.25677261596,28960.44289608491,29595.35982648062
61,23449.256768642867,28985.006837815406,29595.359826536696
62,23387.95115572372,28985.006794385616,29595.359826505846
64,28424.361222386266,29002.876179102528,29595.359826276734
66,28424.36169291071,28945.737389092737,29595.359826127584
65,28424.361211126932,28945.737380912164,29595.35982616004
63,23387.95115258432,28985.006794385066,29595.35982650934
67,28424.361692911163,28945.737389092785,29595.3598261401
69,29099.48731971501,28945.745614769836,29595.359826147906
68,29099.487319714994,28945.74561476987,29595.35982613767
70,29099.48731971502,28945.745614769807,29595.359826159456
73,29099.487772365137,28923.97360601253,29364.003472925324
71,29099.48777014763,28945.745626068612,29595.35982615993
72,29099.487770799435,28923.97360648002,29595.359826169828
74,29099.398165244576,28923.973605478266,29364.00347290485
75,29099.39816524476,28923.973605478022,29364.003472923818
76,29099.398165776758,28923.973605231655,29408.15462053153
77,29099.398165776758,28923.973605231655,29408.15462053153
78,29099.398164421647,28907.263535634196,29408.15462064008
80,29099.398165744205,28221.13315669143,29408.154620158344
79,29099.398165743958,28221.13315950219,29408.154620127694
81,29099.39816574423,28221.133156276337,29408.15462013088
82,29099.398165744184,28221.1331605346,29408.15462017707
84,29099.39816569048,28252.463015455585,29408.154619782275
83,29099.398165744184,28221.1331605346,29408.15462017707
86,29099.398165678638,28513.431309402586,29408.1546202111
85,29099.39816567864,28513.431309390086,29408.15462024149
87,29099.398165678638,28513.431309402586,29408.1546202111
88,29099.39816567865,28513.431309402622,29408.154620283512
89,29074.90314624351,28513.330742330472,29393.33022410999
90,29074.903146243505,28513.330742330476,29393.33022410999
91,29074.467478435894,28513.330733313807,29393.330224099718
93,29074.474010204067,27350.745244944548,29393.33022421237
92,29074.4740102805,28513.331541801195,29393.33022410109
95,29074.474010241178,27262.008591243008,29393.330223975372
94,29074.474010202204,27236.310971653755,29393.330223813224
96,29074.474010241007,27262.008591250233,29393.330223944857
97,29074.474010241014,27262.00859126277,29393.330223952784
98,29074.45980992323,27261.793312898568,29393.330222230456
99,29074.45980992332,27261.793313019083,29393.33022227411
100,29074.460139515737,27261.798214197246,29393.330222269375
101,29074.460139557785,27233.110935640805,29393.330222110388
102,29074.46013955781,27233.110935769124,29393.330222114517
103,29044.36958202759,27231.790426637104,29373.530619931043
104,29044.36958202759,27231.790427261178,29373.53061990904
105,29061.98379227386,27231.83608912831,29373.530619650235
106,29048.090949565565,27205.809879445587,29373.53061937359
107,29048.09094956531,27205.809879726185,29373.53061935938
109,29048.09094942544,27170.32161816599,29373.530618860474
108,29048.090949406953,27170.321623016713,29373.53061896083
110,29009.081491044053,27168.447562939305,29345.380785135254
111,29009.081491044286,27168.447544585506,29345.380785137135
112,29009.076224366272,27168.43555119264,29345.38078513831
113,29009.076224366272,27168.43555119262,29345.38078513831
114,29009.07622444538,27168.43554499111,29345.380785106874
115,29051.975215355247,27170.33556382168,29375.066023407748
116,29051.975215895996,27312.379445180453,29375.066024065145
119,28732.21773200343,28593.02548362688,29289.82820401284
117,29033.458808227726,27311.446740250496,29360.767851340326
118,28732.217732003483,28593.025483635403,29289.828204021524
120,28732.217732002857,28593.02548363907,29289.828204021214
122,28732.21772906226,28593.025480386743,29289.82820407582
121,28732.217732003384,28593.02548362748,29289.828204023324
123,28732.217729063676,28593.02548038169,29289.82820409781
124,28732.217729063676,28593.025480384287,29289.828204111207
125,28628.53520451278,28589.534227670832,29215.538098777168
127,28628.537788383863,28719.67347483601,29215.538100099526
126,28628.53520454621,28719.67120391531,29215.538100087062
128,28628.53778904069,28719.67348673532,29215.538099204925
129,28628.537789061018,28718.69054077944,29215.53810034407
130,28628.537789061018,28718.69054077944,29215.53810034407
131,28628.537788530695,28469.034537400723,29215.53810058447
133,28628.53778801446,28382.81826406029,29215.538098978854
132,28628.537788695765,28490.14143643798,29215.538100402566
134,28628.537788181948,28407.73043030355,29215.538100229136
135,28628.53778829518,28466.631211693537,29215.53809952151
136,28628.53778829528,28466.631211711974,29215.538099521495
137,28628.058824691383,28466.629962028215,29215.53809943344
138,28628.02465086531,28466.62988173581,29215.53809943342
139,28628.024650862597,28466.62988173432,29215.538099433503
140,28628.024651040992,28486.265386028812,29215.53810025003
141,28628.024651040138,28486.265386036306,29215.538100249916
143,28628.024651765634,28743.34871534914,29215.53809650412
142,28628.02465104022,28486.265386036346,29215.538100249916
144,28628.024651796546,28743.34871524901,29215.538096592187
145,28628.024651856227,28743.348716162654,29215.538099816433
146,28628.032894195363,28743.34906639106,29215.538099815356
147,28749.22086946693,28754.752083138817,29299.795948837495
148,28749.220869466884,28754.752083138825,29299.79594883987
149,28737.824931758303,28754.75012638857,29299.795948680272
151,27555.067419616676,24873.898769910847,29299.795946485152
150,28737.824931902258,24903.97527486817,29299.795947516992
152,27555.070083423416,24873.903411280502,29299.795946484977
154,27690.573428253367,24879.154096657225,29330.27151354849
153,27555.070083800725,24873.90340954256,29299.795948898594
156,27690.662867248153,24879.392543089667,29330.271513119522
157,27743.643286923056,24879.397052561246,29330.271511719373
155,27690.66286724995,24879.392688146065,29330.271512998304
158,27743.643286390434,24876.45537698715,29330.271511826242
159,27700.05307248661,24873.222487665378,29315.602638909168
160,28972.428259367993,24873.561565620636,29315.602637686927
161,28972.42825942558,24873.56158199028,29534.482486796842
162,28972.428259128457,24873.561563322804,29534.482486809346
163,28972.428259128996,24873.561588528282,29534.482486819117
164,28972.428259055494,24873.56160006424,29534.482486809826
165,28972.428258936525,21359.58716387969,29534.482486787798
166,28972.428259400338,21359.58723250922,29534.48248682193
167,28972.42825967597,21359.587181742038,29548.18211650525
168,28971.46110781498,21359.58658070603,29548.182116647138
169,28983.64733187082,21366.560123015493,29548.18211652725
170,28983.64733187131,27933.840687691292,29548.182116456122
171,28983.647328429062,27933.840689846715,29548.182116332366
172,28983.64733064091,27933.840690866607,29548.18211649355
174,28980.555468125043,27933.835427558945,29548.182116472402
173,28980.555468125018,27933.835429812185,29548.18211648081
175,28980.555468124974,27933.83542755889,29548.182116470023
176,29003.333226700448,27938.208157869904,29576.22699368731
177,29120.21400907397,19995.079428901587,29585.507823814078
178,29120.21400458159,19995.07937030498,29585.50782379725
179,29120.214008465886,27097.05608801682,29585.507823830754
180,29120.214008121016,27097.05606860648,29585.507823560667
181,29120.214008121024,27097.056068174385,29585.50782356065
182,29120.214008121013,27097.056068268175,29585.507823560656
183,29120.214008072187,27097.056070441737,29585.507823556774
184,29120.214007671217,27110.935878117732,29585.507823553053
185,29120.214007671206,27110.935880455767,29585.507823553045
186,29120.248920290644,27110.954681097384,29585.50782382022
187,29120.24892029065,27110.95468110284,29585.507823810774
188,29120.24891865152,27123.509216028524,29585.50782379511
189,29120.248918657864,27119.419063247697,29585.50782379193
190,29120.248918657864,27119.419063250505,29585.507823791915
191,29120.2489186004,27119.419063689857,29585.50782378803
192,29141.520172689998,27122.601470981168,29605.50443800346
194,29137.844809680006,27122.59986654594,29605.504437845062
193,29137.863701710186,27122.601402601093,29605.504437843283
195,29137.844809680046,27122.59986762858,29605.504437851665
196,29137.851602389925,27122.603897895788,29605.504437848693
198,29137.851600552167,27347.63903859011,29423.071938272195
197,29137.851601360773,27347.639041498216,29605.504438074116
199,29137.851600551818,27347.63903571158,29423.071938204826
200,29137.851600552192,27347.639035680026,29423.07193824475
201,29137.851600607162,26881.01804878837,29423.071938195913
202,29116.76950313309,26878.786800586095,29407.824634214943
203,29116.76950313332,26878.786799960566,29407.82463423635
204,29116.76950313285,26878.78680146897,29407.824634228076
205,29116.7687325641,26878.786465174788,29407.824634210025
206,29119.8484562418,26878.786559014923,29407.82463504747
207,29119.84845646738,26816.93078725336,29407.82463504102
208,29119.848456214728,27093.08387093522,29407.82463448141
209,29119.848456214546,27093.08387197546,29407.824634485627
210,29120.58221120666,27093.083894774347,29407.82463449356
211,29120.582214332222,27093.0838936176,29407.824634505407
212,29128.996844718655,27093.084189554087,29407.824633984506
213,29128.996844718735,27093.084189557416,29407.824633976074
214,29096.450925694917,27087.52758372153,29378.080270888444
215,29096.450925689805,27087.527584273514,29378.080270913757
216,29096.450925651945,28626.73675151918,29378.08027085052
217,29096.455528296538,28626.738231734886,29378.080270885686
218,29096.45552818916,28495.995130282157,29378.08027105508
219,29096.45552818916,28495.995130282157,29378.08027105508
220,29096.455528189148,28495.995130281648,29378.080271065854
221,29098.384789821135,28505.58217829608,29378.08027135778
222,29127.936796505397,28508.764700725063,29403.415974962343
223,29127.936796505397,28508.764700725063,29403.415974928794
224,29127.93679660718,28114.857801748556,29403.415974755786
226,29127.928965271727,27998.75577858512,29403.41597385212
227,29127.928965271727,27998.755778585095,29403.415973865354
225,29127.92896517807,28114.773544224343,29403.41597367633
231,28462.145515396827,28237.131259485817,29403.415973929223
228,29127.928965271723,27998.755778585117,29403.415973925832
229,29127.92896527169,28237.35319343735,29403.415973910865
230,28462.14551539853,28237.13125948519,29403.41597395266
233,28462.145517907913,28237.131263317424,29360.366138843587
234,25766.43363732112,28214.630821976218,29360.366139010497
232,28462.145519011607,28237.131266224445,29403.415973317948
235,25672.833748500092,28214.102543737008,29347.73251421083
236,27835.557928043876,28341.622292582164,29275.993423309563
238,27835.557928010523,28355.060140906542,29275.99342372418
237,27835.5579278725,28341.622293804,29275.993423211527
239,27835.557928248767,28355.06014211099,29310.591449566367
240,28010.56078236278,28370.082465259286,29446.304673871826
242,28113.455964434295,28377.794214539015,29500.236399780086
241,28113.455964434277,28377.79421453901,29500.236399780093
243,28173.876817757053,28383.53223781474,29529.928247208423
244,28179.351517533425,28383.539750795117,29529.928248231634
247,28173.774495119178,28267.426195499196,29529.92824746222
245,28173.774495090627,28343.726415599132,29529.928247497744
246,28173.774495090627,28343.726415599132,29529.928247497744
249,28235.814645548904,28273.915440450997,29558.313718965637
248,28173.77449511955,28267.42619549919,29529.92824745464
251,28235.814645443526,28448.866371615055,29558.313718932804
250,28235.814645530285,28448.8663716671,29558.313718960366
252,28235.814645469,28448.86637174303,29558.313718962338
253,28235.81464546948,28448.866371743014,29558.31371899026
254,28235.718385968074,28448.853606296358,29558.313718890073
255,28235.718385079585,24547.870853499582,29558.31371887121
256,28235.71838506125,24598.489240268587,29558.313718864218
257,28235.694329371094,24598.28842165479,29558.313718858248
258,28235.694329370875,24598.288409198947,29558.313718829984
259,28250.20327560417,24598.290642101092,29558.31371891313
260,28250.171110252813,24598.28699336732,29558.313718891506
261,28925.538399016015,24725.661412299705,29558.31371885836
263,28917.384225072354,24725.65937913485,29558.31371901327
262,28925.538398998135,24725.661399703928,29558.313719285197
264,28917.384220777814,25060.333125315734,29558.31371900532
265,27473.222872879116,25060.31975925037,29558.313718712998
267,27473.222898457243,25060.319737218153,29558.313718718306
266,27473.222872856277,25060.319792388767,29558.313718719437
268,27473.222905245544,25060.31977034046,29558.313718708625
269,27473.222906826464,25060.319854628426,29558.313718682097
271,27473.222906820083,16289.633767802228,29558.31371855939
270,27473.22290577361,25060.31974678,29558.313718710924
272,27473.222906815387,16289.633699335118,29558.313718551322
273,27473.222906279116,16294.851181178143,29558.313718590893
275,27473.22290716064,16294.851111895883,28422.517373167124
276,27473.206751798243,16294.838348473735,28422.517373165232
274,27473.22290494652,16294.851141936659,29558.313718539983
277,27473.206751832106,16294.83846021777,28422.51737274355
279,27471.65375074569,16294.851812452362,28422.51737451515
278,27471.63561724141,16294.838391620422,28422.517374534338
280,27471.65375074864,16294.85199275352,28422.517374517232
281,27471.653750736346,16294.85202179413,28422.517374517513
283,27509.451361990228,16295.308227532918,28442.956281889834
282,27471.653750745827,16294.852011036282,28422.51737451539
284,27509.451362204956,16295.3082663994,28442.956278627345
285,27509.45136260549,16295.308250249986,28442.956278272395
286,27509.451361809854,16295.308297946583,28442.956277565827
287,27509.456785334623,16295.318321290812,28442.956277568042
288,27509.45678500043,16295.318336071836,28442.956278421105
289,27509.456785071612,16897.49223643046,28442.956281757288
290,27509.4567853641,27489.901501345485,28442.956276060497
291,27509.4567853641,27489.901501345485,28442.956276060497
292,27509.456785139962,27438.049346766053,28442.956279306014
293,27509.456785316765,27420.35285059665,28442.95627930056
294,27509.456785155235,27441.211306968773,28442.956280816732
295,27583.01136117107,28087.346266067623,27947.40386314842
296,27713.833063181817,28091.85250162563,28057.040466860395
298,27713.833062664635,28091.85248045279,28057.04046394741
297,27713.833063181817,28091.85250162563,28057.040466860395
299,27713.833062761794,28168.36649445225,28057.040465232858
300,27713.83306281149,28211.663369549842,28057.040466209346
301,27713.83306281149,28211.663369549842,28057.040466209346
303,27556.88110332038,28205.32525172481,27925.529544160956
302,27713.834677465962,28211.673847187667,28057.04046656157
304,27665.221975416534,28205.37739471204,27925.529543982175
306,27665.221976062017,28187.818794593048,27925.52954448237
307,27665.22197591918,28177.547813201934,27925.529544442914
305,27665.221975669247,28187.818794611045,27925.52954471184
308,27666.05373376792,28177.990876606436,27925.529543855744
309,27666.05373356227,28177.738177779924,27925.529543762117
310,27666.05373356213,28177.738177779916,27925.529543762095
311,27666.053732456006,29027.038592610414,27925.52952678946
312,27666.05373235205,29027.038592646462,27925.529527175244
313,27666.357302364035,29027.06066125431,27925.529523852914
314,27666.35730231279,29027.060661244053,27925.529524052243
315,27666.35730316114,29027.060653986475,27925.529534563677
316,27666.357301569555,29027.060654009205,27925.529517238014
317,27666.357302301767,29027.521451895125,27925.529525507423
319,28767.721507572394,28321.89743644788,27925.529543603694
318,28767.721511026233,29051.479271152624,27925.52952374632
320,28767.721507572394,28321.89743644788,27925.529543603694
321,28767.565398309325,28321.89742639473,27925.529543627978
323,28767.56539904434,28321.897426298783,27925.529543322467
322,28767.56539904465,28321.897426298783,27925.529543322373
324,28767.5653946725,28321.897426085725,27925.529543928093
325,28767.5653946725,28321.897427337804,27925.52954343647
326,28816.380561117345,28327.83393101622,28035.40820732116
327,28809.975401771386,28325.468250185062,28035.408206636417
328,28809.957111259155,28325.46681949169,28035.408206428045
329,28809.957111259355,28325.466819491718,28035.408206427903
330,28809.957113517914,28325.46681899517,28035.40820660114
331,29227.918281727492,28325.58402667185,28035.408206281485
332,29227.91828314736,28325.748421250566,28035.408206165037
333,29228.108851343095,28325.748501102502,28035.40820616234
334,29228.108851269888,28325.74850110252,28035.408206162312
335,29228.108851152378,28325.74849625676,29529.361449178126
336,29233.683688125377,28325.751898882536,29529.36144969429
337,29222.202592381047,28323.010792450532,29515.038202878743
338,29222.24261689856,28323.034695245748,29515.038202744145
339,29222.242616898562,28323.034702678568,29515.03820275935
341,29222.19825743854,28323.03304720023,29496.383928019608
342,29222.198257438467,28323.03305605376,29496.38392801549
340,29222.198256990017,28323.033047289184,29515.03820227721
343,29222.198257446384,28322.582432953393,29496.383928338204
344,29222.19825734539,28241.69376735992,29496.383927927433
345,29195.93722591489,28236.400263859505,29460.872214800336
347,29195.93722591488,28236.400264003452,29460.872214804378
346,29195.937225914822,28236.400263870542,29460.87221479746
348,29195.937225914862,28236.400263869393,29460.87221478593
349,29195.937223699173,28207.856809223922,29460.872215093175
350,29195.93722372668,28207.856808088494,29460.872215087453
351,29195.937223712845,24132.643143355403,29460.872215022046
352,29195.937223712925,24132.643122929316,29460.872215019255
354,29249.79371804496,25799.572836245687,26884.006011567486
353,29195.937223712826,24132.643112708138,29460.8722150174
355,29227.723880051497,25794.744453101284,26723.178268420306
356,29202.52418250796,25790.217824608873,26508.516751660132
357,29202.524182507706,25790.217825967477,26508.51677634466
359,29163.487927855724,25782.77183730664,26189.42182044284
360,29163.487927853417,25782.77183546272,26189.421806033726
358,29163.487927852977,25782.771836499058,26189.421815405007
361,29176.28917131976,25782.863673399217,26189.421814602472
362,29176.28917131976,25782.863673528933,26189.421814605274
364,28717.736505544588,25782.030423080898,26189.421814312052
363,29176.830601356767,25784.93125858543,26189.421812481836
365,28552.820070807633,25767.573840450154,25178.018064889075
366,27275.19442864342,25761.36121909368,25178.018065342738
369,27275.194444243043,28224.119128822997,25178.018027069666
368,27275.19444416966,25761.361220981038,25178.018065968696
370,27275.194444359557,28226.96517643865,25178.01801361255
367,27275.19443805689,25761.361214863784,25178.018069029582
371,27275.194444419896,24423.724185366627,25178.018001480854
372,27385.258816146456,24459.421463278726,25178.018038032937
373,27385.258815658497,24459.421461860715,25178.018030710693
375,27432.791915194408,24459.48044173798,25178.018040104133
376,27432.791915230555,24459.480441353146,25178.018038190836
374,27385.258815009696,24459.421463036466,25178.018012928642
377,27427.397845656284,24459.474883778774,25178.018034174776
378,27427.397846962725,24337.439831186774,25178.018027162034
380,27427.397847054555,24330.74764394584,25178.018030501276
379,27427.397845592262,24330.747646089432,25178.01803943962
382,27403.22348953849,24330.69105984766,25178.01804762983
381,27427.397846222808,24330.747646651245,25178.01803382732
383,27403.223487778163,24330.691057548305,25178.018033863533
384,27404.03752035672,24330.989921715594,25178.018061859566
385,27404.037520678175,24263.35358720104,25178.018061351333
386,27404.03752075162,24263.353584311495,25178.01805044049
387,27404.037520526792,24263.353494861592,29293.197860701122
388,27404.037520345606,24263.35349256522,29293.197860702254
389,27404.03752052162,28625.559650592528,29293.197860922337
390,27404.03752052162,28625.559650592528,29293.19786092236
392,27404.037520338956,28625.55965058315,29293.197860918393
391,27404.03752063861,28625.55965059312,29293.1978609567
394,27404.037519997077,28565.516293579807,29293.197861512283
393,27404.037519838945,28625.559649722152,29293.197860934913
395,27258.962567636445,28556.747875704692,29160.765481452705
396,27258.962567636445,28556.747875704692,29160.765481452705
397,27258.96256820782,28556.74787593544,29160.765481044305
398,27258.962568438972,28556.747870316958,29160.765481539023
399,27256.741434417934,28556.01237847394,29160.765481098922
400,27256.741434699987,28537.11193849213,29160.76547939615
401,27256.74143456544,28537.111938491733,29160.765479403253
402,27256.741434469703,28537.111938366892,29160.76547939694
403,27256.741433963543,28597.13333603567,29160.765480633872
404,27256.741433972777,28603.199177487826,29160.765480963317
406,27255.221739965065,27967.127380263948,29160.76547920706
405,27256.7414344055,27967.137857509442,29160.765479236492
408,27253.054643204916,27965.9771800752,29160.765478097772
407,27255.22174002462,27967.127387138727,29160.765479186048
409,27248.683013026082,27964.329254350374,29160.765477977016
410,27248.683011136276,28037.960508624725,29160.765478569436
414,28808.612458481264,28415.267142759116,29548.83011275326
412,27248.68301350819,28037.960508841876,29204.81414123837
411,27248.683013508155,28037.96050884184,29204.81414125845
413,28832.457760806064,28417.86610304929,29577.1493251067
417,25741.405581993575,28413.88063267952,29548.830112778145
415,25741.405579051094,28413.880640358468,29548.830112942804
418,25741.405559623534,28413.88063267948,29548.830112766864
416,25741.405568924994,28413.88064203746,29548.83011294127
419,25741.40555378348,28282.457349928634,29548.83011309241
422,25640.139637581207,28518.221332253073,29548.83011323283
420,25640.139645345687,28241.526159493318,29548.830113413875
421,25640.13963320548,28241.5261594935,29548.830113390068
424,25640.139642508464,28121.380800913204,29548.830113276486
425,25640.139638309254,28073.402252920943,29548.830112824482
423,25640.13963924188,28121.380800913183,29548.830113268312
426,25640.139631354345,14596.28956884443,29548.830112796888
429,25738.005034352544,24329.46120610445,29562.88227546565
428,25738.005066935395,14601.179786301083,29562.882275788106
427,25640.139527810134,14596.289467077737,29548.830113101674
430,25508.067261006632,24329.43857123001,29562.88227581719
431,25508.067181240487,24329.43857421546,29562.882275825294
432,25508.06715265126,23236.729615751767,29562.882275695898
433,25508.067150836843,23236.729616602704,29562.882275778302
434,25662.397693736697,23236.752925430614,29562.882275721575
437,25632.812723389612,1412.83745422624,29562.882274653504
435,25662.397678352903,1412.8788755924577,29562.882275708056
436,25662.211280018615,1412.838344732455,29562.882275548596
438,25632.812681078292,1412.8374525092013,29562.882274674048
439,25632.352893310876,1412.8340640989513,29562.882274672316
440,25632.40108669059,1412.8346335551582,29562.88227466396
441,25632.401146713288,1412.83463773345,29562.882274687705
442,25632.40117465568,1412.8346348637644,29562.882274687196
443,25632.401168189088,1412.8346334873718,29562.88227438718
445,25632.401172909525,1416.7143125753469,29562.882274397845
444,25632.40117701098,1416.7143144295,29562.882274396703
446,25632.401175274405,1416.7143115147312,29562.88227438934
447,25632.40118364858,1416.714316126588,29562.882275209446
450,25349.734871879802,1416.2907821293081,29530.971295374628
449,25349.734869878863,1416.2907773725217,29530.971295369083
448,25349.734870610428,1416.2907807924805,29530.97129533103
451,25349.73487189711,1408.5144417854983,29530.9712953421
453,25349.73487381401,1403.0817475097328,29530.971295351053
452,25349.734870096996,1408.5144409026896,29530.97129534754
454,24852.323746446986,1402.3666570515793,29463.52641365398
455,24852.323743658668,1402.3666572882912,29463.52641367299
456,24852.32374362822,1402.3666578892435,29463.526413696545
457,24852.293646584738,1402.3628749007962,29463.526413686493
458,24852.293641068463,1402.3628742585313,29463.5264138491
459,24852.32480244965,1402.367089352197,29463.526413849984
461,23611.854066084717,1400.942417140841,29276.093135091985
462,23611.85399387071,1400.9424176810544,29276.09313509228
460,23611.854092311598,1400.9424173819884,29276.093135155184
463,23611.854000811116,1400.9424179323037,29309.25451342517
464,23612.888528190873,1400.9693685022053,29309.2545134252
465,23612.888528195195,1400.9693684863287,29309.2545134118
466,23612.888528195195,1400.9693684863287,29309.2545134118
467,23612.888559013318,1400.9693667395609,29148.925697670384
469,27982.02907617299,1429.447840143935,29148.92569634968
468,23612.888459850285,1420.8053762229165,29148.92569628614
470,27982.029075712828,1438.0398295998798,29148.92569694244
471,27992.7351154393,1438.0403284108806,29148.925697857674
472,29089.54118851845,28910.87735923162,27323.615743033923
473,29089.541188672636,28911.33593276277,27323.61574494948
474,29124.5515706419,28918.090874360405,27512.39745913625
475,29124.55157026068,27383.292729318375,27512.397465961963
477,29124.551570270745,27383.292727090888,27512.397464231035
478,29124.551570682852,27394.036311615637,27512.397465420094
476,29124.55157034171,27383.292728992503,27512.397465898088
479,29124.551570567277,26949.09261940908,27512.39747191911
480,29124.551570625095,26798.037844292,27512.397463266403
481,29124.551570664924,26798.037844410475,27512.397473927063
482,29124.551570743388,26798.037841564263,27512.3974682779
483,29124.55157074256,26798.037807665234,28343.36545823169
486,29124.755919044073,26798.145813543193,28343.365458242035
485,29124.755919057992,26798.14581536437,28343.36545967115
484,29124.55157074379,26798.037807705296,28343.365458231292
487,29124.755919052775,26798.145816935605,28343.365458866763
490,28442.688750866393,26797.923061954512,28343.36546024258
491,28442.68875086617,26797.923087233718,28343.36546025476
488,29124.75591896499,26798.145806164965,28343.36545809926
489,28442.688750946392,26797.923062547095,28343.365460091372
494,25703.96846884548,27077.99411781963,28343.36546110719
493,28442.052398779408,27083.59841173088,28343.365460125286
492,28442.688750862224,27083.598431577855,28343.365460305315
495,25371.98658305213,27077.990419553484,28343.365456788062
496,25371.98657607534,27077.99041941778,28343.365451796377
497,25626.538155861657,27078.233164130812,28400.588525667343
498,25626.53816310581,27078.233162922603,28400.588525667357
499,25626.53816283248,27078.233166219776,29554.05624239333
500,25630.767124775277,27078.233174187655,29554.056242411934
501,25630.767123170113,27078.23317276124,29554.056242434835
502,25630.767121223096,27078.233180318854,29554.056242477123
503,25630.767120819262,27078.233180459843,29554.056242399234
504,25630.767125653456,26387.171995122837,29554.056242393526
505,25630.76711452787,27623.108968580767,29554.056242403516
506,25630.73354029397,27623.107081320017,29554.05624231327
507,25630.733534944546,27623.10707336565,29554.056243212664
508,25630.73353720442,27623.107075480966,29554.056243194682
509,25515.915429166304,27622.98301437359,29543.3395535423
510,25515.86633814074,27622.954058835443,29543.33955308898
511,25515.811850002116,27622.951026626164,29543.339553106307
513,25515.746993083096,27622.950589155633,29543.339553054124
512,25515.7469777968,27622.950589161857,29543.33955311656
514,25515.746978525636,27622.950589161846,29543.339553116555
515,25515.747030788712,27622.95058873092,29543.339552988247
517,25515.7470009685,27667.198201883588,29543.33955300574
516,25515.746985487596,27667.19820332621,29543.339552994363
518,25515.74699069447,27852.32938366733,29543.339553261707
519,25796.13809377367,27852.357758129954,29561.00875569072
520,25796.138147851685,26783.322683561906,29561.008755618728
521,25796.13814878877,26783.322683572864,29561.00875564395
522,25796.081308360197,26783.317919562443,29561.008755020895
523,25883.218153959675,26783.317961433655,29561.008755081763
524,25883.21814920002,26783.317936304556,29561.00875512687
525,25883.218155750234,26576.937764782724,29561.00875512325
526,25883.218155750234,26576.937764782724,29561.00875512325
527,25868.17831872405,26574.603701827422,29561.008755500352
528,25868.17831985665,26574.603719337058,29561.00875552794
529,25676.455019625868,26574.439446844626,29539.784661219568
530,25676.45502002117,26573.18807213699,29539.784661200574
531,29250.319942102742,659.9232846139865,26907.158901396942
532,29257.791825635926,659.9235925566063,26907.15889816391
533,29242.25560968106,659.9037223150658,26763.058622726337
534,29242.255606686456,659.903722427419,26763.05863650465
536,29242.232292086006,659.9035756370442,26763.05865030427
535,29242.232292091736,659.9035756370297,26763.058650270086
537,29242.232292090885,659.9035756367625,26763.058649550083
538,29242.2322920854,659.9035756368222,26763.058650107636
540,29242.23229208085,659.9035752678594,26763.058653890635
539,29242.232292085147,659.9035756368222,26763.058650112864
541,29011.311081123604,659.74398519036,26763.058654365945
542,29009.260655684837,659.7439391545386,26763.05864630007
543,29009.260655687118,659.7439390917244,28068.570014377925
544,28983.47308769533,659.7219267545171,27956.0946946285
545,28983.47308700527,931.659974248743,27956.094688192796
546,29007.61783886383,931.6890388935346,28048.30527141864
548,29007.40732517402,926.7634131663389,28048.30527206487
547,29007.61783972349,926.7803931725252,28048.305272876612
549,29007.407325173193,926.7634131784657,28048.30527206506
552,29007.407325380245,926.7634131203174,28048.305278199252
550,29007.407324443764,926.7634132084535,28048.305271529713
551,29007.407325376258,926.7634131381327,28048.30527137147
553,29007.407325376855,926.7634130963028,28048.305285232796
554,29007.40732555859,926.763413228453,28048.30527193974
555,28995.927738159757,926.7110953733402,28006.877015178314
556,28995.891362297752,926.7081141308933,28006.87701227521
558,28995.891362298138,926.7081139685868,28006.877011085482
557,28995.891362297545,926.7081141390432,28006.877012276123
559,28995.891361622995,919.4827371897713,28006.87701410667
560,28995.8913623171,921.9468364645011,28006.87700853681
562,28978.4736595585,921.3697262237567,28006.87701046338
561,28995.903141430586,921.9469545987395,28006.87701333732
563,28978.47366000864,921.3697261237683,29520.389786465843
564,28978.473660008596,27267.154622036283,29520.389786462052
565,28978.47365939375,27294.284903719727,29520.38978645145
566,28978.473659358642,27294.284903626678,29520.389786460164
567,28978.4736593586,27294.28490362609,29520.389786476102
568,28978.47365949375,28727.609945028402,29520.389786914508
569,28978.473659697,28599.843375808057,29520.389786462234
570,28984.22087062886,28599.87651054938,29520.389786499512
571,28984.220871081867,28593.76830510157,29520.38978649798
572,28984.220871081816,28593.768305100893,29520.389786471635
573,28984.220869027966,28622.033893553355,29520.389786464162
574,28984.22086902798,28622.03389355351,29520.38978646765
575,28984.197400554956,28622.033418509243,29520.389786473286
576,28952.557943995103,28618.512814250804,29487.599399793893
577,27620.16457874648,28618.29896121715,29487.59939953884
580,27620.16458191867,28567.003727146686,29487.599399495204
578,27620.164579105338,28618.2989612171,29487.5993995325
579,27620.164579368742,28618.298956438968,29487.59939946508
582,27571.426286269583,28566.996168329497,29487.599399911298
581,27571.42628355611,28566.996168071204,29487.599399565515
583,27571.42628763368,28603.73027383002,29487.599399915307
584,27571.42628937979,28603.730273829897,29487.599399924147
585,27571.426283120272,28603.730276789058,29487.59939990338
586,27571.426291105734,28603.73027678902,29487.59939988752
587,27571.426291105734,28603.73027678902,29487.59939988752
588,27571.329443080227,28603.716484848035,29487.5993998983
590,28924.748978150037,28400.715158428484,27349.841575584313
591,28924.748978659867,28400.715158139312,27349.841574997954
592,28966.163209342605,28406.628240336722,27521.921773024664
589,27571.329443106202,27366.94403219838,29487.59940001063
593,28966.163209251827,28406.628240020284,27521.921773096154
594,28966.201507840105,28406.64020495858,27521.921773141257
595,28966.20150780482,28417.59688244083,27521.921773124042
596,28964.511797302846,28417.595609187778,27521.9217731776
597,28964.511797302872,28417.595609187796,27521.921773428177
598,28964.51179730285,28417.595609187912,27521.92177343597
599,28964.511797302926,28417.595609187927,27521.921773435388
600,28964.511797289244,28417.595605701972,27521.92177313789
601,28964.520928856688,28417.62502009383,27521.92177317639
602,28964.54501240895,28417.790270356956,27521.921773337657
603,28964.54501258269,27281.095998430188,27521.92177327967
604,28964.5450124309,27281.095998488112,28345.32229075946
605,28924.897242749248,27275.796554871336,28258.021908667026
606,28924.897242545347,27275.796553607714,28258.02190767943
607,28924.897242492436,27133.771911793665,28258.02191417531
609,28965.205197681753,27104.95949424693,28342.786913546865
608,28965.205197657917,27139.90294910998,28342.786909092087
610,28965.20519759266,26272.839493095198,28342.786904767323
613,28965.205194834052,26272.839503847583,28342.786921022496
612,28965.205195455346,26272.839483351203,28342.78690653592
611,28965.20519759266,26272.839493095198,28342.786904767323
614,28965.205194833703,26272.839506490374,28342.786906612208
615,28965.2051966177,26272.839496550485,28342.78691434301
616,28965.15426766152,26272.818114461934,28342.786914439548
617,28963.515626680342,26264.499715844977,28342.78691223606
618,28983.05966720652,26264.51651672242,28342.786910704934
620,28983.059667234702,26264.51651515437,28342.786918001635
621,28983.059667218826,26264.516517050386,28342.786918008183
619,28983.05966720067,26264.516517604923,28342.78691070495
622,28983.059667041456,26510.52990334588,28342.786917986217
625,28983.059667108217,26522.277938184667,28342.78691799269
623,28983.059667044818,26510.529903046772,28342.786918030197
624,28983.059667050737,26510.52989565087,28342.786918029822
626,28983.05966710199,26522.27795927727,28342.786917994148
627,28983.059667117697,26522.277959776464,28342.786917994054
629,28983.05966684183,26538.357003142162,29530.174425900455
628,28983.05966693931,26522.27796338554,29530.174425922494
630,28983.059666968682,26520.73598336958,29530.174425765843
631,28983.05966702892,26520.735985427353,29530.174425735306
633,28983.059667117377,28731.65167257373,29530.174425760142
632,28983.05966702851,26520.73598398049,29530.174425743702
634,28983.059667117337,28731.651672573338,29530.174425769503
635,28985.25294782086,28731.66507066401,29530.174426100806
636,28985.25294782097,28731.665070663952,29530.17442611412
637,29224.167624911068,28748.401494184698,29530.174425811863
638,29224.16762491112,28748.40149418469,29530.1744258006
639,29224.16762538779,28521.637937724045,29530.174425866142
640,28803.02050588076,28521.082712034236,29530.17442644503
642,28803.081929770924,28456.353182521198,29530.174426434165
643,28803.081927408377,28564.807579194938,29530.174426479276
641,28803.02050564756,28456.089850473312,29530.174426435613
644,28803.081927390158,28564.807578790445,29530.174426496716
646,28821.77407088861,28565.60438663811,29543.094078795148
645,28802.917719412395,28564.569703396446,29530.174426523186
647,28855.897503932603,28566.88209720099,29560.789221679755
648,28860.447138174284,28566.886712976666,29560.78922088301
649,22755.490841053004,28691.091550856763,29377.67418022994
650,23319.478858833027,28691.63047435956,29400.25513281252
651,23319.47887949751,28691.630474359357,29400.2551328028
652,23319.47885757841,28738.257786548806,29400.255132463968
653,23319.4788576748,28776.227283031054,29400.2551325261
654,23319.478852824453,28776.22728303052,29400.255132523635
655,23319.478870590414,28776.22728302839,29400.255132531955
656,23319.47885561828,28776.22728302899,29400.25513250976
657,23318.84922665693,28776.125945254935,29400.25513239283
658,23318.84922535046,28759.67662993835,29400.25513219124
659,23318.849219847783,28759.676629938334,29400.25513216108
661,23493.68098507088,28761.32335072509,29406.885515298698
662,23493.680959879704,28761.323351503597,29406.885515356924
660,23493.34332844727,28761.318973167527,29406.885515400736
663,23493.68096187814,28761.323345370052,29406.885516076163
666,23493.6809792293,28777.66745612087,29406.885515294493
664,23493.68096576081,28761.323345370056,29406.885516076647
665,23493.68096576081,28761.323345370056,29406.885516076647
667,23493.680998136653,28776.78671861734,29406.885515300426
670,23488.242433304884,29148.60928700422,29406.885515907383
668,23493.680994407674,28776.786718798954,29406.885515392263
669,23488.242436878092,28776.786113217924,29406.88551524604
671,23488.242438037276,29148.60928700328,29406.885515873288
673,28670.79731420392,29125.698634423487,29406.88551482065
672,23404.493772583417,29125.220834464264,29406.885514833702
674,28670.797314203905,29125.698634423483,29406.88551482063
675,28670.7973142204,29075.659449673756,29406.885514936766
676,28670.797314104566,29075.659448912716,29362.69312782604
677,28662.94017084164,29075.658680289627,29362.693127771447
678,28673.888568570736,29075.662222569605,29362.69312772638
679,28673.92825935945,29075.676820623426,29362.693127730246
680,28673.928259488177,28929.87193037489,29362.693126535698
681,28673.928259488108,28929.871930374888,29362.693126437065
682,28673.928259237797,28929.57113261196,29362.69312771566
683,28673.928259903732,28575.82056549984,29362.69312725457
684,28673.928260213477,28575.820572390152,29593.719780049847
685,28673.9282601645,28575.820569372292,29593.719780058862
686,28673.92826016475,28575.820569359592,29593.719780021613
687,28673.92826016189,28575.820569332347,29593.7197800818
688,28673.92998012468,28575.86444377272,29593.71978003317
689,28673.92998012428,28575.86444379097,29593.719780031148
690,28673.929980124594,28575.86444383204,29593.719780027634
691,28673.929980176665,28575.864440889596,29593.71978016921
693,28673.86443318433,28575.81389099367,29593.719780531457
692,28673.929980183817,28575.86444060841,29593.719780433872
694,28643.44746452233,28571.53347040029,29574.71158377479
695,28643.44746457002,28573.139080171644,29574.7115837931
696,28638.80354909923,28573.135373081343,29574.711584592973
697,28638.803549058226,28576.857337626443,29574.711584576668
698,28638.80354861282,26689.508636280843,29574.711584589117
700,28597.761796663137,26683.22046075026,29545.74146720932
699,28597.761796880855,26683.220444396607,29545.741467154745
701,28526.2108973762,26676.310100426086,29501.806022290235
702,29005.444274745198,26718.85817481344,29501.806021236633
703,29005.444274079546,26718.858182003336,29501.806021180415
705,29005.44715150231,26718.890815652136,29501.80602122532
704,29005.447151501234,26718.890819155306,29501.806021258264
706,29005.447151502278,26718.890810295285,29501.806021206372
707,29005.447151502303,26718.890813443148,29501.806021239172
709,25308.339315592286,26880.3699886529,28279.519687839973
708,25308.339314133722,26880.36998865341,28279.519687839937
710,25308.33931360495,26849.10692467421,28279.519688510944
711,25306.707363448364,26848.97119491439,28279.51968817884
712,25306.707362075053,26889.758925327544,28279.519689092405
713,25306.70736170453,26889.758936817983,28279.519688011063
715,25670.519315772268,26901.686419626712,29544.50771884531
714,25306.70735996102,26889.758937681352,29506.50766814502
717,25670.519315259226,26901.68641498129,29544.50771894811
716,25670.519315544305,26901.686425221793,29544.507718819375
719,25368.984996434763,26891.102347681957,29511.802347478442
720,25368.984992939666,26891.102343806353,29511.80234748892
718,25670.51931739175,26901.686379345225,29544.507718845663
721,25368.984996509767,26891.102349214034,29492.44993215699
724,28756.373966723644,26894.12747594436,29492.44993222881
722,25368.984995692816,26891.102349435,29492.449932156742
723,28756.37396672363,26894.127475774476,29492.449932266587
725,28793.20373500494,26901.964139770647,29520.28376300698
726,28793.264021278526,26901.96897722491,29520.283762920895
727,28793.26402054887,19966.79587405824,29520.28376286794
728,28793.264020548886,19966.7958740565,29520.28376286802
729,28793.26402053543,19966.795854122585,29520.28376288375
730,28794.230394432623,19966.803074435502,29520.283762887335
731,28794.230397196523,14506.20667580581,29520.28376288757
732,28794.230397605017,25806.432232450417,29520.283762846564
733,28794.23039743065,21744.68268533908,29520.283762856525
734,28808.080176025695,21890.741759653807,29520.283762897816
735,28808.053759719565,21890.530991503183,29520.283762879197
736,28808.096163719783,21890.815278081696,29520.28376293307
737,28808.096163719798,21890.81517333064,29520.283762840772
738,28808.09617014977,21521.99100670132,29520.283762871783
739,28779.276527914062,21516.543835104934,29493.778923093007
740,28779.276527972874,21553.141168660237,29493.778923105434
741,28779.27652796566,21481.223927303003,29493.77892308875
742,29103.132956532194,21610.23488246258,29493.778922876034
743,29103.1329565322,21610.23487978698,29493.7789228767
744,29103.132956534188,21862.698840711528,29493.77892288979
745,29103.132956157027,21862.69872463392,29493.77892291801
746,29103.132956157075,21862.69882727154,29493.778922907695
747,29103.13295615704,21862.69882704574,29493.77892290767
748,29103.13295615704,21862.698827044263,29493.77892290767
749,29117.621842358385,21865.794814914396,29510.5625376152
751,29117.62184237851,21865.794823999993,29510.562537608035
750,29117.621842378525,21865.794835451212,29510.56253761289
752,29117.621842369626,21865.79483621992,29510.562537621438
753,29117.621842369626,21865.79483621992,29510.562537621438
754,29117.57221609879,21865.769792180916,29510.562537710193
756,29126.06269059097,21865.791502944834,29510.5625379412
755,29126.062690536884,21865.79151669924,29510.562537937178
757,29126.06269054298,27594.921354771603,29510.562537942562
758,29126.06269055461,27594.921351977373,29510.562537939062
759,29126.06269055459,27594.92135197007,29510.56253793188
760,29126.062690499653,27693.364091540723,29510.56253794355
761,29126.06269049964,27693.364091540727,29510.562537943555
762,29126.062690499602,27693.364091560168,29510.562537946018
765,29134.420450177713,27761.71177474314,29510.56253771623
764,29136.914142437767,27761.72372454754,29510.562537715166
763,29136.91414243528,27693.380644510587,29510.56253773597
768,27680.977421831045,27419.557471498083,26457.305952837378
769,27680.977421831056,27419.557471517342,26457.305959078087
767,27680.977422879274,27419.557467796665,26457.30595566574
766,29134.362597841708,27761.663884689195,29510.56253774168
772,28971.978760168142,27372.967711758276,26457.305948022167
771,27680.977422582917,27371.68014480995,26457.305953202387
773,28971.97876017716,27372.967712725498,26457.305962875686
770,27680.97742258291,27371.680144809947,26457.305953230112
774,28971.978759197424,27372.967712025893,26457.30596307853
775,28974.412649199665,27372.980571027787,26457.305963999766
776,28974.412648266334,27404.465825885633,26457.305963954215
777,28974.412648182195,27407.278443017563,26457.305962891445
778,28974.412648182642,27407.27844290823,26457.305963107865
779,28974.41264818245,27407.278442905586,26457.305957547207
780,28974.41264818245,27407.278442905586,26457.305957547207
781,28974.888093230158,27408.400577386084,26457.30595759845
782,28974.88809323046,27408.400577407047,26457.305955044132
783,28974.888093232374,27408.400577954686,26457.30595652113
784,28974.72613524808,27407.96851727431,26457.305956277472
785,29211.452430384263,27418.388442330855,26457.305957518613
786,29191.837145490725,27418.286382287934,26457.305954949705
787,29191.83714549074,27418.28638228803,26457.305955533026
788,29191.837145490765,27418.28638220252,26457.3059590568
789,29191.837145452264,28556.979186520643,26457.305948341884
790,29191.83714592064,29072.11305480299,26457.30594578789
791,29191.837143376037,28641.397469051066,26457.305932302563
792,29191.837144173693,28641.39746965322,29477.335968093405
793,29191.83714388597,28660.659144394143,29477.33596785976
794,29220.153808195668,28664.992439804948,29507.758482426954
795,29220.153810169882,28662.90707451367,29507.75848239557
796,29246.957754319705,28667.93927307834,29535.70546401281
797,29254.896963022285,28669.664595850336,29543.95550617118
798,29254.89696302198,28262.3350035904,29543.95550618509
799,29254.40897815703,28257.315791023306,29543.955506285158
800,29254.406436669626,28257.279955732003,29543.955506299146
801,29254.40643493241,28219.016946529642,29543.95550630139
802,29254.406434932403,28219.016946529628,29543.9555063014
803,29254.4064349324,28219.016946529875,29543.95550629025
804,29258.20906622822,28219.02260538309,29543.955506253667
805,29258.221509991185,28219.025943147986,29543.955506277813
806,29258.221513283617,28131.506697596247,29543.955506278035
807,29258.22151327677,28131.506695450535,29543.95550626435
808,29258.221513326545,28131.50669455773,29543.955506270475
809,29258.246636271848,28131.516381607802,29543.955506285132
810,29258.245293450884,28131.502035032056,29543.955506259314
811,29258.24529345095,28131.502035028425,29543.95550626643
812,29258.245293450895,28131.502035030277,29543.955506319806
813,29258.2452934509,28131.502035028683,29543.955506225404
815,29244.316864384375,28427.148098436955,29529.33905779256
814,29258.24529238863,28428.218207727463,29543.95550624254
816,29244.31686390921,28427.14809913903,29546.7766629142
817,29244.3168665605,28427.148099595943,29546.77666295638
818,29244.316866642745,28291.094384366825,29546.776662949138
819,29244.316866066532,28291.09438022338,29546.776662946802
820,29244.316866638233,28291.094388318485,29546.776662928354
821,29245.318436859685,28291.095245912904,29546.776663494547
823,29245.31843692853,28291.095250587445,29546.776663216602
822,29245.31843685965,28291.09524591289,29546.77666349453
824,29221.31886718124,28289.20115321615,29519.9341294825
825,29221.31886718125,28289.20115321617,29519.93412948274
827,29252.807800101036,28427.55791205645,27699.526989993283
826,29252.80780123095,28427.557910651594,29547.713183527863
828,29252.80780239689,28427.557906710776,27699.52699972944
829,29252.807802396914,28427.557906710765,27699.526999729453
830,29252.807802445175,28427.557906672315,27699.526998760466
831,29252.80780369563,28427.55790581579,27699.5269987993
832,29252.80780048333,28427.55790422539,27699.52699804024
833,29252.807800483293,28427.557904225287,27699.526998040194
834,29252.753761625565,28427.557897758852,27699.526997305627
835,29252.753759418018,28324.48252278729,27699.526998001034
836,29257.142125386155,28324.48484110113,27699.526997919525
837,29257.142125324262,28304.77492032368,27699.526996987912
838,29257.14212620878,26495.83416666931,27699.52699735525
839,29257.069248272266,26495.741732572315,27699.526996974346
840,29257.069248276137,26495.741733026705,27699.5269969743
841,29241.36809171493,26494.408806727217,27613.184520501993
842,29241.368091715005,26494.40879804839,28398.436765322556
843,29241.368091695305,26494.408806529245,28398.43676816373
844,29241.368092813922,26494.408806140415,28398.43676604405
845,29241.368093547862,26388.68457596232,28398.436764148155
846,29241.368093547848,26388.684556287546,28398.4367641477
847,29241.36809354782,26388.684553514548,28398.43676416103
848,29241.36809292636,26388.684534908167,28398.436770110045
850,29248.752534339837,26400.923716910256,28398.43677131697
849,29241.37126696721,26388.690715653865,28398.436770093525
851,29248.74900081076,26400.920412176572,28398.4367713171
852,29248.749224651212,26400.920524312547,28398.436771317058
853,29248.749224651212,26400.920524312547,28398.436771317058
854,29248.75307696908,26400.92185753231,28398.436778914598
855,29248.62433117826,26400.921256686175,28398.436777807765
856,29250.62616841582,26400.92903506734,28398.43677987822
857,29229.90974795079,26396.887145446763,28330.546533322733
858,29229.909747931353,26661.45165895683,28330.54653374243
859,29229.909747848717,26661.451658468624,28330.546533984423
860,29229.909747895676,26237.85704538878,28330.546533742447
862,29229.909747956484,26293.11918724927,28330.546533852503
861,29229.909747899525,26237.857011596596,28330.54653374416
863,29202.94220083261,26290.664038660023,28240.064196049905
864,29202.942199117868,26290.664044825717,28240.064195985673
865,29202.942197897682,27544.887030345537,28240.064196064224
866,29202.942198232835,27544.887031086084,28240.06419606824
867,29202.94219822946,27544.88703072337,28240.064196037474
868,29186.263779438934,27543.303334106076,28179.46685885652
869,29186.263779297908,25862.760848608887,28179.46685858612
871,29186.249779903163,25862.7529578329,28179.466858744665
870,29186.263779297908,25862.760848608887,28179.46685858612
872,29127.10673788768,25858.87192439982,27899.765807014955
873,29127.1067370252,25858.871910495276,27899.7658068015
874,29127.1067370252,25858.871910495276,27899.7658068015
875,29127.10673804848,25762.48230237675,27899.765807048592
876,29127.10673804891,25762.482291038512,27899.765811746198
877,29127.10673804891,25762.482291038512,27899.765811746198
878,29127.106738411014,25745.049598385434,27899.765811407087
879,29127.106737845985,25703.556073427484,27899.765811791774
880,29127.10673716132,25703.556084256998,27899.765795443163
881,28593.778305393418,25703.425519903783,27899.765805921244
883,27421.33370895771,512.3756158973125,27899.765805496652
882,27421.33370902992,25683.64909774954,27899.765805594616
884,27421.333708906255,512.3756161317225,27899.76579747205
885,28421.84106051192,28552.821415832077,29338.702397458124
887,25684.41351136935,28114.394686578988,29338.702397798927
886,25684.41341331974,28545.048006999845,29338.702397067682
888,25684.413516977867,28330.521116068965,29338.702397940382
889,25686.1186889231,28330.59012326301,29338.70239793395
890,25686.118692953038,28330.590123262955,29338.702397883346
892,25461.518139376385,28330.58076416841,29338.702398066453
891,25684.407435559187,28330.59007589433,29338.70239793296
893,25461.518147827537,28051.624168396105,29338.70239721289
894,25601.94178580693,28051.68392133796,29338.70239742343
895,25601.94180952334,28051.683921301825,29338.70239744103
896,25204.776653843015,28045.213435073652,29298.006764023125
897,25204.77672066703,28045.213442041673,29298.006764152153
899,25204.776759928114,27774.834465321877,29298.006764453155
898,25204.776729571306,27774.834465308704,29298.006764501522
900,25204.776765624352,27774.83446535452,29298.006765517177
903,25086.46608352327,27774.440519224212,29298.006764476057
902,25089.63521714724,27774.793043680387,29298.006764479174
901,25089.63520825298,27774.793043562255,29298.006764479156
904,25464.4099704459,27778.262586550736,29342.096679240458
905,25464.40991934106,27826.972619281063,29342.096679295257
907,25464.78375646483,27890.07457423563,29342.096679107126
908,25464.78377409028,27890.074574563703,29342.09667950094
906,25464.409943484417,27889.83182968943,29342.096679778246
909,25524.433038245865,27904.062621037614,29342.096679404887
912,25524.43305516147,27776.47227851981,29342.096678899117
911,25524.433055490874,27776.472278520167,29342.0966788991
910,25524.433038919386,27776.472278803,29342.096679096685
913,25524.433055161455,27776.472278519803,29342.096678899117
914,25524.433055161455,27776.472278519803,29342.096678899117
916,25318.87223366317,27772.183307853797,29318.537971784128
915,25639.049312028197,27779.46416332262,29356.094047418606
919,28754.50822658128,27773.936884242412,29318.537972126443
920,28754.50822658128,27773.936884242412,29318.537972126443
917,25318.872247040672,27772.1833078493,29318.537971781298
918,25318.872230565103,27772.183307828185,29318.53797177954
921,28754.508226640544,27984.10444698215,29318.537971929603
922,28754.50822664054,27984.104447021233,29318.53797192961
923,28754.146161364515,27983.754517829027,29318.537972437334
924,28754.146160851895,27983.754524394706,29318.53797208887
925,28754.14616092573,28015.408299692434,29318.537971318678
926,28754.14616153442,28015.40829751624,29515.44961112377
927,28754.146161665176,26848.82794479342,29515.449611097407
928,28754.1461649952,592.4496599840088,29515.44961107277
930,28754.15445969948,592.4499638495785,29515.449610807013
929,28754.14616699776,592.4496597649683,29515.44961081399
931,28754.15445986573,592.449963674592,29515.449610864835
932,28754.154459706355,634.8746578911873,29515.44961085344
934,28754.154459706362,634.8746578924472,29515.449610827043
933,28754.154459706348,634.8746578911873,29515.449610853444
935,28754.154459908852,634.8746579420861,29531.19592767607
936,28754.154459908896,634.8746579412046,29531.19592767933
937,28754.154459908874,634.8746579423964,29531.195927679357
938,28789.882783690096,635.0159848675335,29566.79101350271
939,28789.88278369011,635.0159848675369,29566.79101349978
940,28789.88278369008,635.0159848680719,29566.79101353325
941,28789.882783689893,635.0159848495446,29566.791013478887
942,28789.87148684143,635.0147364488072,29566.79101351279
943,28789.87148672103,636.4334381403162,29566.79101352095
944,23231.23642127305,27449.858761474374,29400.488947947793
946,23231.236406988843,27449.858761474417,29400.488947954855
945,23231.236407016408,27449.85876147441,29400.48894795486
947,23231.386914725903,27449.880639304825,29400.48894793966
948,23231.386855158977,27449.88063930493,29400.488947936225
949,22689.002108004934,27446.530776906606,29383.612502507247
950,22689.002078094345,27446.530777107426,29383.61250252211
951,22689.002210847277,27446.530783554856,29383.612502483204
952,22689.00209017224,27446.530783554845,29383.61250252151
953,22689.00217716764,28131.152520699186,29383.612502386364
955,22689.002204658216,26035.511651491703,29383.612502347532
954,22689.002243735114,26035.511644916056,29383.612502414035
956,22689.002120225363,26068.41849076713,29383.61250250238
958,28353.90714071731,26097.570636450786,29383.61250228507
957,28353.90714073651,26097.57063021882,29383.612502225536
959,28353.921279873517,26097.573554011702,29383.612502258573
960,28353.92127880105,26097.573588032436,29383.61250228017
961,28353.921275368753,26093.26722698225,29383.612501727166
962,28353.921275368717,26093.267213148356,29383.612501711286
964,28353.92127298744,26117.132872923547,29383.612501561656
963,28353.92127379421,26093.26721058695,29383.612501812182
966,28353.921264941426,26117.13287995572,29383.612501548905
967,28353.921264941426,26117.13287995572,29383.612501548905
965,28353.921272988024,26117.13286230431,29383.612501616662
968,28268.610755346534,26112.15496955764,29351.148845217078
969,28157.30375981584,26107.207027189863,29309.731080275327
971,28157.303759407212,26107.207007241894,29484.796782272642
970,28157.3037594072,26107.206997816436,29484.79678227962
972,28156.902774584996,26107.206982767184,29484.796782296293
973,28156.756241239167,26107.196678851033,29484.796782280806
974,28156.75624124238,26107.196678836473,29484.796782278943
975,28156.756241242416,26107.196714840073,29484.79678227893
977,27791.752555793555,26060.980216823566,29317.010562081836
976,27791.752557639702,26094.599650667427,29317.010562415195
979,27797.30127871188,25915.68407603827,29317.010562967127
978,27797.301277232837,26061.151037528503,29317.010563286694
981,27797.150646128903,24736.947992659225,29317.010563132168
982,28879.136356630963,24737.041326186772,29317.0105628919
980,27797.15064595463,25915.675740069186,29317.010562679774
983,28879.13635410583,24737.041331040815,29317.010563242045
984,28879.1363541064,24737.041327759798,29317.010563284086
986,28879.13635572468,24633.015342958544,29317.010562751493
987,28879.13635567855,23958.7258661687,29317.01056347828
985,28879.13635571063,24749.671792073575,29317.010562699674
988,28878.61726898433,23958.722477995772,29317.010563513424
989,28878.61726898455,23958.722480908815,29317.010563522217
991,28878.707211247514,23805.48644149511,29317.01056292256
990,28878.617268999125,23805.485470785712,29317.010563240794
992,28878.707211217425,23805.486443548587,29317.010562476487
993,28878.70721120444,23805.486408474935,29317.01056277685
995,28912.78485971613,23805.565126727925,29284.310608417676
994,28912.784857939783,23805.56513857797,29317.010562277435
996,28907.459127201353,23805.520872906465,29284.31060887879
998,28957.61942829688,23813.03568142231,29374.741329157034
997,28957.619426971978,23813.035672727703,29374.741328809516
999,28957.61942811907,23813.035544503815,29374.741328669603
1000,28950.583254795733,23813.021828453297,29374.74132876272
1002,28950.583254637193,27680.348045711784,29374.74132996601
1001,28950.583254672405,27680.348052287143,29374.741329631426
1003,28024.700351980857,22976.533387532705,29304.26230321789
1004,28024.70035530142,21086.459721379113,29304.262302219824
1005,28024.70035555195,27213.57963328321,29304.262302994855
1006,28024.700355551948,27213.57963328271,29304.262302996955
1007,28024.700355311856,27206.141347892597,29304.262303112402
1009,28072.386476563657,27211.27303797549,29324.177065329583
1008,28072.386476563734,27211.273037937495,29324.17706534051
1010,28072.386476623953,27269.22896524264,29324.17706524266
1011,28072.704171218764,27269.239926537728,29324.17706523557
1012,28051.25808678359,27269.238777939645,29324.177065230666
1013,28051.258086445894,27220.44631301897,29324.1770652853
1015,27862.0509515573,27024.652644178226,29245.407042831182
1014,28051.25808644949,27027.90624459672,29324.17706490528
1016,27862.050948756485,26819.635406971138,29245.407043268024
1017,27862.050951657355,26819.63540768242,29245.407043260348
1018,27862.05094891104,845.8182767824719,29245.40704254491
1019,27862.050951944242,845.8182765459778,29294.62626300214
1023,27862.050951836452,850.9349943412674,29294.62626313199
1020,27862.050951944235,845.8182765534391,29294.626262935508
1021,27862.05095194836,846.4135282577283,29294.626262986843
1022,27862.050951836452,850.9349943558741,29294.626263150083
1027,684.3111231143071,855.972167812665,29396.941314049072
1025,657.4083256926405,851.2592800396021,29363.298328726316
1026,657.4083256901084,855.8345947169453,29363.298328587287
1024,619.0743381950945,850.8216403493702,29294.62626464504
1029,684.241217351208,855.9721678569409,29396.941314049393
1028,684.3111231330408,855.972168104347,29396.941314010073
1031,684.2412173501601,855.9721678295855,29396.94131403199
1030,684.2412173501492,855.9721678288665,29396.941314089607
1032,684.2412173554059,855.9721678480187,29396.941314032018
1035,684.2412173490166,855.9721677913815,29396.94131403621
1033,684.2412173635738,855.9721680234643,29396.941314067073
1034,684.241217350001,855.9721678395913,29396.941314003765
1036,684.2363251403546,855.9685485967016,29396.94131400295
1038,684.2363251470765,855.9685486137571,29396.941314072552
1037,684.2363251360712,855.9685485250039,29396.94131404008
1039,684.2363251430943,855.9685484948111,29572.642533181825
1040,684.2363251585821,855.9685487906695,29572.642533191356
1041,684.236325155573,855.2365613214831,29572.642533216444
1042,683.8085336985139,855.2365551664466,29572.64253319432
1043,683.8085336960362,855.2365550376935,29572.642533202852
1044,689.9606134441519,857.0151478692396,29572.642534147635
1045,689.9606134441519,857.0151478692396,29572.642534147635
1046,689.9690775290387,857.0179260493223,29572.642534100385
1047,689.9556620423311,857.0087350663487,29572.642534120823
1048,689.9233953674964,857.003743023417,29572.642534091538
1050,689.9531888623358,28235.879462456993,29572.642534154824
1049,689.9233953928551,28235.816075604627,29572.642534143473
1051,689.9531888623346,28235.879462456993,29572.642534154802
1052,667.0060423065083,28233.028331148584,29540.155256149657
1054,667.0060422781833,28233.028332314596,29540.15525606183
1053,667.0060423006523,28233.02833572538,29540.15525615266
1055,667.0060423062326,28233.028328264983,29540.155256231876
1056,672.9764552254293,28233.02861157978,29540.15525618801
1057,672.9764552254087,28233.028611579262,29540.15525618734
1058,672.9764552254087,28233.028611579262,29540.15525618734
1059,672.9764552254087,28233.028611579262,29540.15525618734
1062,29072.755912869176,28744.955435315765,27831.50293593105
1060,27175.2274453415,28251.814405551148,29540.155255703292
1061,27175.2274453415,28251.814405551148,29540.155255703292
1063,29072.78206718181,28744.955600315516,27831.502935929777
1064,29072.78206713166,28744.955600315632,27831.50293592974
1065,29072.782068680805,28719.658919451023,27831.502930753937
1066,29072.782068697994,28715.56566177505,27831.50293721546
1067,29072.782068689237,28715.56566178477,27831.502940008042
1069,28751.001410416942,28713.436025469877,27831.502933921452
1068,28751.009187320884,28713.437068822917,27831.50293393488
1070,28751.001410416942,28713.436025469877,27831.502933921452
1071,28751.40166363862,28713.48790136412,27831.502933903044
1072,28751.401663535096,28713.487905867765,27831.502957468743
1073,28751.401663575896,28713.487905861053,27831.502957253302
1074,28751.401663064815,28905.11159860994,27831.502952954223
1075,28751.40166298751,28905.11159728708,27831.50295718908
1076,28801.40765017378,28905.277927395065,28002.691696599373
1077,28801.4076501715,28905.277927398864,26616.468121274112
1078,28801.407650171495,28905.277927399024,26616.468133110182
1079,28801.407650171495,28905.277927399024,26616.468133110182
1080,28801.407650171495,28905.277927399024,26616.468133110182
1081,28801.407650171554,28905.277927399155,26616.46811240376
1082,28801.407649643057,28995.30885782127,26616.468134551935
1083,28801.576603936224,28995.310105375367,26616.468123105347
1084,28801.576603936224,28995.310105375367,26616.468123105347
1085,28801.576605101473,28679.902054169652,26616.468126583808
1086,28799.020387640838,28679.8822509327,26616.468135148734
1087,28799.020387785673,28722.7812255806,26616.46813470941
1089,28761.996628916913,28720.422891461774,26309.231175258
1088,28761.996628776767,28720.422896794953,26309.231150122287
1090,28761.996628917812,28720.422891461967,26309.23117247226
1091,28762.094648892657,28720.55162539171,26309.231170458363
1092,28708.650982344523,28717.068882443484,25833.4090812419
1093,28708.650982339386,28717.068882444586,25833.409076761123
1094,28736.650794571367,28718.73578490758,26104.354339845813
1095,28736.650794571353,28718.735784907993,26104.354347504806
1096,28788.050664391336,28781.07054050923,26104.354340686958
1098,28788.05065962147,28167.09862660396,26104.354338685007
1097,28788.05066189859,28247.769259696222,26104.354338482455
1099,28788.050662915775,28210.702592593545,26104.354338586072
1101,28778.989636691425,28210.595426684726,26104.354349858342
1102,28778.989636691458,28210.59542668469,26104.354341837927
1100,28788.0506629146,28210.702590606037,26104.35432028591
1103,25609.71345938855,28208.10282986569,26104.354337376935
1106,25237.674854534613,28208.036973391096,26104.35435887248
1104,25609.71346063516,28208.10282464792,26104.354363945728
1105,25237.67485427451,28208.036975793337,26104.354358998025
1107,25237.674849739837,28092.412242622955,26104.354344302716
1108,25237.674854335437,28092.412242884035,26104.35435625183
1109,25237.674855751688,28092.412244082825,26104.354356287084
1110,25237.674851681826,28092.412245132517,26104.354344052666
1111,25061.99322414098,28092.390454778448,26104.35434374478
1112,25061.993224428064,28165.704254436227,26104.354333435986
1114,25061.99322485941,28165.704258171103,29426.70394828517
1113,25061.993220982855,28165.704258197366,29426.703948290487
1115,25061.99322335957,28415.45923148278,29426.703947735725
1117,25061.506117047637,28414.507612216887,29426.703948414295
1116,25061.50612750493,28414.507612217447,29426.70394839719
1118,25061.506095260513,28414.50761794376,29426.703948382106
1119,25061.506095830024,28415.902929865188,29426.70394837037
1120,25448.34456492184,28423.74842604557,29483.580237757677
1122,25299.903100775395,27485.63211272873,29354.603837477745
1121,25450.43737631583,27491.15527939226,29374.54257485107
1123,25299.903100208707,27485.63211273557,29354.603837477793
1124,25299.903100418665,27345.341781991225,29354.60383710679
1125,25253.620251410004,27345.339024266104,29354.603837111285
1126,25253.620250325745,27345.33904841796,29354.603837108276
1127,28332.929129531665,27441.47441758184,29354.60383840031
1128,28332.92913003502,27303.22072509714,29354.60383864234
1129,28332.92913003462,27303.2207250316,29354.603838633717
1130,28332.92913964903,27303.22072517407,29354.60383836036
1131,28332.929135682047,28246.857729341173,29354.60383815258
1132,28332.929135682076,28246.857729341256,29354.6038381526
1133,28332.463358438108,28246.804117752625,29354.60383814396
1134,28332.46336020826,28246.804120678546,29354.603838138617
1135,28332.46335930437,28247.573813887713,29354.60383813634
1136,28417.03445379822,28253.776077426453,29387.801062610884
1138,28417.15767675082,28253.780941626326,29344.072852505422
1137,28417.157674148515,28253.780943659312,29387.801062610444
1139,28423.319429779684,28253.781945054463,29344.072852507197
1142,28490.40243553505,28260.55093362904,29373.540310721306
1141,28490.402435535085,28260.55093362857,29373.540310723685
1140,28490.390456735375,28260.545854538203,29373.54031072403
1143,28490.402435426924,28256.785944782565,29373.540310703993
1146,28480.14927649605,28257.449576223575,29373.54031070985
1145,28490.402433110132,28257.45033637932,29373.540310715034
1144,28490.402433150586,28256.78594416827,29373.540310710647
1147,28480.149278071374,28257.449576681545,29373.540310697135
1148,28505.51147001352,28263.880438868262,29373.54031096073
1150,28505.511473345563,28263.880439767876,29373.540310948676
1149,28505.511473342456,28263.88043976608,29373.54031094512
1151,28505.511473128216,28322.749392271977,29373.5403109861
1152,28505.511473128216,28322.749392271977,29373.5403109861
1153,28485.203918415704,28322.745356604984,29373.540310960485
1154,29138.919475483992,28323.079288493926,29373.540309729346
1155,29138.919475484017,28323.07928849318,29373.540309702075
1156,29138.91947568796,28336.21586427179,29373.54031092424
1157,29138.919475502356,28762.261267532016,29373.540310954068
1158,29138.919473698006,28762.261266996236,29584.549324942767
1159,29138.919473698006,28762.261266996236,29584.54932494276
1161,29138.919476127245,28764.136088372485,29584.549325000473
1160,29138.919476127216,28764.136088371364,29584.54932499172
1162,29138.907817985448,28764.123774508902,29584.549324912074
1163,29138.907817078067,28764.1237743858,29584.549324902426
1165,29138.907819456577,28903.13920738335,29584.549324859436
1164,29138.90781707807,28764.123774385058,29584.549324937696
1166,29138.907819456632,28903.139207383527,29584.549324832307
1168,29138.90781826967,28868.15182783219,29584.54932509055
1167,29138.907818269676,28868.151827832,29584.54932509062
1169,29138.90386276303,28868.15039239845,29584.54932509357
1170,29138.9038625453,28868.15039251057,29584.549325080592
1173,29137.86232809959,28868.154987106496,29583.855790556903
1172,29137.862328099618,28868.15498710826,29583.855790578433
1171,29116.98764243997,28864.770091127637,29560.613229301554
1174,29137.862328195537,27553.633315724837,29583.855790152586
1177,29137.849090671727,27553.47721246559,29583.85579013777
1176,29137.862328195526,27553.633316089177,29583.855790157246
1175,29137.862328195537,27553.633316089217,29583.855790157246
1178,29137.849090688476,27553.47721229889,29583.855790153248
1179,29137.849090688374,27553.477212878814,29583.855790131165
1181,28311.501361878865,27536.125307759685,29525.30449462872
1180,28311.501361847157,27515.206715550506,29525.30449461769
1182,28311.488572580194,27535.859377295492,29525.30449462698
1183,28311.48857258012,27535.859377566758,29525.30449461469
1184,28309.830734657946,27535.858857781168,29525.304494644202
1185,28309.830734160587,27531.177694840437,29525.304494634864
1186,28309.8307341606,27531.177694875307,29525.30449463117
1187,28309.83073416055,27531.177694747275,29525.304494619828
1189,28309.857644201555,27531.453684064116,29525.304494632055
1188,28309.83073421902,27531.17769020662,29525.30449462733
1190,28309.85764411495,27531.453684908265,29525.304493992575
1191,28311.25953230456,27531.45678617124,29525.30449383099
1192,28311.259531802105,27531.456784998292,29525.304494438547
1193,28311.259531802105,27531.456784998292,29525.304494438547
1194,28311.259524279412,27531.45678985015,29525.30449443234
1195,28311.250509716236,27531.15999064948,29525.304494447082
1196,28311.250511165785,27529.672726566227,29525.30449450091
1197,28226.924120727253,27521.862069878844,29492.723821418193
1198,21032.69005257456,27488.85590723334,29492.723822212603
1199,21175.831973300483,27592.167148259872,29492.723821390362
1200,21175.831942229222,27592.1671482853,29492.7238213678
1201,21175.83187630016,27592.16714780531,29492.72382140738
1202,21175.831936918,27592.167147834218,29492.723821370295
1205,17734.111044323632,27011.717433807622,29396.503421910937
1204,21175.83193828137,27024.76597100403,29492.723821859814
1203,21175.831932337805,27024.765978634558,29492.723821378706
1206,17734.11134808888,27011.717431634286,29396.5034219206
1207,17738.74056143241,27013.269169457213,29396.50342253319
1209,17733.73641233911,28741.272221010106,29396.503422654187
1208,17733.73644771709,27012.866978680657,29396.503422493442
1210,17733.73644572172,28741.27221983083,29396.50342265505
1212,17733.736410220496,28372.285555803275,29396.503423295548
1211,17733.73644283054,28779.38840209946,29396.503422696205
1213,17733.736410220496,28372.285555803275,29396.503423295548
1214,7503.7488828107325,28346.917784249126,29115.140728745322
1216,28289.50009289674,28350.427838446754,29115.140728730657
1215,28213.06626219148,28350.329304481005,29115.140728951603
1218,28383.35814236942,28362.485360349903,29279.468380958926
1217,28289.500092896793,28350.427838446754,29115.14072872809
1220,28383.358142506506,28362.715622369164,27769.3571148033
1219,28383.35814253747,28362.485357558588,27769.357114975723
1221,28383.358142506502,28362.715622367483,26437.274447834236
1222,28383.35814250652,28362.715622367454,26437.27444821266
1223,28383.04344711749,28362.566365697447,26437.27444662057
1224,28383.04343876471,27998.430348307433,26437.27444941325
1225,28383.043443300405,27863.28917657293,26437.274452769925
1226,28509.841071228635,27881.180358473048,27068.770799374543
1228,28509.841069152746,27881.180360446713,27068.770812006245
1227,28509.84107122863,27881.180358473226,27068.770799374543
1229,28509.841069203794,27881.180361004997,27068.77081974462
1230,28509.841071299452,27881.18035809407,27068.770794044038
1233,28515.358761717325,27881.192263053883,27068.770794194123
1231,28509.841064419765,27881.180355949014,27068.77078909259
1232,28515.358762175492,27881.192257852825,27068.770788991787
1234,28515.358767477304,27582.961897789442,27068.77080236181
1235,28515.358766836274,27582.96189743282,27068.770799101218
1236,28515.358764759658,27822.531305809556,27068.770796297205
1238,28515.358766049932,28041.578800437816,27068.77079579662
1237,28515.358765958554,27822.53129985372,27068.770795603108
1239,28485.30921681362,945.2595435613069,29457.1499410203
1240,28485.309216844897,941.7101546298778,29457.14994124422
1241,28510.523782162985,941.7101695180485,29457.149941164884
1242,28510.523782097218,941.7101695160463,29457.14994112494
1243,28510.523782230914,940.7323401826252,29457.149941267497
1245,28984.82720081432,940.8383942123885,29457.149941170588
1244,28984.82719980472,940.8383941670339,29457.14994112074
1246,28984.827200978772,921.1877112481595,29457.149941156946
1247,28984.827200978754,921.1877112475142,29457.149941170625
1248,28984.827200978718,921.1877111504106,29457.14994114584
1250,28984.827204489116,921.1877110791979,29457.14994099785
1249,28984.82720068772,921.1877112797476,29457.14994075341
1251,28987.59481046901,921.1877229668796,29457.14994113921
1252,28987.59481046903,921.1877230382611,29457.14994113316
1253,28987.594810469054,921.1877230542532,29457.149941130367
1254,28987.594810562463,858.7483836128367,29457.14994113126
1255,29007.42866873522,858.7484989264955,29457.149941365882
1257,29007.29973400321,858.7481861011642,29457.14994144263
1256,29007.428668608074,858.7484989249108,29457.149941405572
1258,29007.29973400321,858.7481861011642,29457.14994144263
1259,29007.299734194436,28301.023055608173,29457.14994075065
1260,29007.299734194406,28301.023055608195,29457.14994075202
1261,29007.299734119486,28687.838913199354,29457.149940875544
1262,29052.550515379557,28689.633253595894,29506.162848302625
1263,29052.55051537959,28689.633253596232,29506.162848294785
1264,29034.573180978063,28688.766269969048,29486.59569297088
1265,29034.573180978492,28688.766269968975,29486.59569298876
1266,29034.573180805324,28709.880372356754,29486.595692851348
1267,29034.573180805066,28709.880372356703,29486.595692830684
1268,29034.573180804895,28709.880372356758,29486.595692857823
1269,29034.57318080502,28709.880372356725,29486.5956928178
1270,29034.5731808296,28737.543716657594,29486.595693009567
1271,28235.410002008368,28737.388790577956,29486.595693094172
1272,28235.410002043347,28642.056039334944,29486.59569345388
1273,28235.410000474127,28642.056040174142,29486.595693285293
1274,28235.410000474127,28642.056040174142,29486.595693285293
1275,28235.409992761728,28642.056040173968,29486.595693277257
1276,28235.40999182478,28648.409868930336,29486.59569379921
1277,28235.40999182463,28648.409868930325,29486.59569382029
1278,28235.4099912691,28662.908894477983,29486.59569381571
1279,28337.029310507383,28666.501555092203,29523.319683940532
1280,28337.166442312788,28666.716853561746,29523.319684050275
1281,28337.07902484551,28666.529883211348,29523.31968392555
1282,28337.079024474326,28666.529881251714,29504.530876744364
1284,28390.51449588643,27333.91730020444,29530.06547052291
1283,28390.51450500529,28670.00487127196,29530.065470589023
1286,28391.258375215366,27333.917936873622,29530.06547085762
1285,28390.51449823974,27333.91730293286,29530.06547057705
1287,28391.233130166816,27333.91262351672,29530.06547088785
1289,28431.48973859672,27319.12339178691,29546.57380383471
1288,28391.23312927722,27317.13164629982,29530.065470867365
1290,28425.70253277044,27302.546171597154,29546.57380390966
1291,28425.69968716821,27302.545068557396,29546.573803864278
1293,28425.699677065473,27302.545071755816,27701.180436040726
1294,28425.69967904532,27302.545071740315,27701.180435993097
1292,28425.699679637248,27302.54506448254,29546.573803852247
1295,28425.69967903707,27302.545071740315,27701.180435993156
1296,28425.699683679988,27302.545071703193,27701.18043581868
1298,28680.654907503544,28586.123018656937,29363.812720698494
1299,28680.64359359577,28586.122214248917,29363.81272069859
1297,28425.7189316238,27302.637640852205,27701.18043583292
1300,28651.947627065427,28583.983038802446,29349.059479858908
1301,28651.947627264708,28705.269947353136,29349.05948025413
1302,28651.947627217698,28881.797937598592,29349.05948024141
1303,22978.58353451163,28881.465892919696,29349.05948028533
1304,22978.583485417024,28881.465892964337,29349.059480271462
1305,22386.773607293893,28878.75933363151,29329.63935313018
1306,22386.77357876255,28878.75933363323,29329.639353177583
1307,22387.49424716724,28878.886503054215,29329.639353371582
1308,22387.49440161731,28878.886503055925,29329.639353365423
1309,22387.49441807712,28878.886503055804,29329.639353414084
1310,22387.49438664274,28878.886503056787,29329.639353341667
1311,22333.273456713625,28878.885665339672,29329.639354201532
1312,22333.273450894114,28878.885665351037,29329.639354226056
1313,22333.273446297375,28878.885665347938,29329.63935423595
1314,22333.173910846755,28878.885629698307,29329.639354175037
1315,22333.173914371717,28878.885629679666,29329.639354224568
1316,21926.458563033266,28876.81508379778,29314.705572560575
1317,21926.4585704513,28876.815081954188,29360.76785166286
1318,21926.45852950786,28876.81508195339,29360.76785169097
1320,21926.458485747575,28932.15483211565,29360.7678519019
1319,21926.45852950786,28876.81508195339,29360.76785169097
1321,21926.17308191172,28932.106017679194,29360.767851857654
1322,21926.17312745622,28835.40595850813,29360.767851118224
1323,21868.907521677873,28835.405918622615,29360.7678511396
1324,21868.90743860983,28835.405918622182,29360.767851155928
1325,21868.907470637172,28835.40591862306,29360.767851100813
1326,20205.190632633654,28829.80502384494,29322.080402640626
1327,20205.19063246278,28829.805023844936,29322.080402645257
1328,20205.190588338126,28856.342171076696,29322.080402660722
1329,20077.936837242603,28856.342113940096,29322.080402626532
1330,20077.936834483982,28338.70151422087,29322.080401340234
1331,20077.93686066644,28338.701514220844,29322.08040132771
1332,20077.936922234316,28338.70151421299,29322.080401329986
1333,20078.803053098778,28338.701986238688,29322.080401328163
1334,20078.8030354937,28338.701986238666,29322.08040132762
1335,20079.605828033753,28338.822996415984,29322.08040134544
1336,20079.605866685986,28337.059340039275,29322.08040213965
1337,20213.109522969,28337.059379664115,29322.080402139927
1338,20213.109402536214,28337.059379664555,29322.08040213962
1340,22050.077446547468,28341.36640221011,29361.602682811892
1339,22050.07744637729,28341.36640221011,29361.602682811896
1341,22050.077455450366,28248.609775189743,29361.60268277394
1342,28299.35455687488,28258.189788828393,29361.60268143729
1343,28310.443976998376,28259.460014015505,29361.60268161701
1344,28310.44397702853,28259.460014017124,29361.6026816186
1345,28310.443977498795,28248.7808104704,29361.602681308148
1346,28310.443977728886,28248.780810336633,29361.602681308694
1347,28310.443977728886,28248.780810336633,29361.602681308694
1348,28310.443977989802,28406.6420861133,29361.60268157519
1349,28310.443977989817,28406.642086113323,29361.602681575187
1350,28310.443977385585,28406.64208208933,29548.105628781
1352,28310.44397763632,28420.771664132233,29548.1056287736
1351,28310.44397711697,28484.81170643896,29548.105629025675
1353,28310.443976959563,28342.613138934063,29548.10562878479
1354,28310.443976959563,28342.61313893407,29548.105628784797
1357,28798.07870850111,28538.91754434782,29396.941312153453
1356,28310.443977378534,28342.61313917264,29548.10562880199
1355,28310.443976959563,28342.61313893407,29548.105628784797
1358,28798.078708501125,28538.917544347878,29396.94131215575
1360,28798.23875619769,28637.24580131364,29396.94131410247
1359,28798.078708702284,28637.179409437522,29396.94131249603
1361,28798.23875599187,28616.464242465765,29396.94131410087
1362,28798.238755991857,28616.464242465747,29396.941314098294
1363,28798.238755991864,28616.464242465772,29396.94131410487
1364,28831.435881615893,28675.41639127554,29396.941313860887
1365,28831.43588174419,24824.264646325995,29396.94131392215
1366,28828.59068017576,24824.22397365783,29396.9413135193
1367,25920.01893520297,24822.131134323296,29396.94131270417
1368,25920.018937956906,24822.131136183107,29396.941312675393
1369,25920.018938025078,24822.13113789764,29396.941312728322
1370,25920.01893918836,24822.131141838014,29396.94131270951
1371,25920.018939804093,24822.131140113517,29396.941312790594
1372,25717.885464528244,24814.625986896157,29359.899990962887
1373,25717.885463685026,24814.625987303934,29359.899990930255
1375,25718.32041880142,24804.349839082184,29359.89999167242
1376,25612.72588600739,24800.530686502636,29338.121527853764
1374,25718.320420555654,24815.200228563637,29359.899991397047
1377,25288.096769214444,24787.31042986138,29244.452350004427
1378,25288.096773438832,24787.310429709363,29191.275295345724
1379,25288.096771087377,24787.31042810348,29191.275295334883
1381,25277.92490159592,24781.805518803518,29191.275294748673
1380,25277.92489719487,24781.805517877787,29191.27529470945
1383,25277.924899166024,24693.05867933383,29191.27529439363
1382,25277.924898623867,24781.80551707541,29191.27529474334
1385,25673.370340457157,24711.071252731766,29304.262302533476
1384,25673.370344957497,24711.071255116687,29304.26230337545
1386,25673.370342176684,24711.07125421996,29304.262302515577
1388,25673.370340878682,24711.071253926093,29304.26230253157
1387,25673.37034165675,24711.07125307293,29304.26230251432
1389,25673.3703427171,21131.41455874402,29304.262302693063
1390,25673.37034152628,21131.4144299584,29304.26230247417
1391,25673.370339824967,21080.385255958303,29304.262302780146
1392,25673.370341711314,22480.04921108483,29304.262302560393
1394,25419.15678210023,22469.207189202345,29241.913691689162
1395,25419.156784070638,22469.207188967186,29241.913692224534
1393,25673.310319033284,22480.00572559084,29304.262302540177
1396,25419.15678157477,22474.340314144054,29241.91369196275
1397,25264.152541575007,22474.29486788578,29241.913692022186
1398,25264.152542650423,22474.29484397148,29424.667416713386
1400,25264.15254551924,22548.851530370317,29424.66741640548
1399,25264.152542650423,22474.29484397148,29424.667416713386
1404,25261.137921021465,27994.511485972762,29424.667416736636
1401,25264.1525419674,22548.851530609565,29424.667416424425
1403,25261.13791508227,22548.511352072892,29424.66741609681
1402,25261.137915516738,22548.511348440054,29424.667416059034
1405,28255.296622575115,28021.782177397297,29424.667416826225
1407,28195.30989447688,28021.73359763194,29424.667417214165
1408,28195.309891609475,28040.09046869196,29424.667416958953
1406,28195.309894480815,28021.73359762622,29424.66741718974
1410,28195.30989183544,28044.48181967475,29424.66741689309
1412,28195.30989318219,28044.481817713415,29424.66741699326
1409,28195.309891833713,28044.48181966622,29424.66741689929
1411,28195.309891309436,28044.481817543052,29424.667416961296
1416,28624.153836649806,22293.40515734968,29392.305372415434
1413,28194.376251265727,28044.481750652587,29424.667416974666
1415,28194.08818559075,28044.417475979775,29424.667416979682
1414,28194.376251265887,28044.481750652656,29424.667416988035
1418,28624.151311718873,22293.403887411576,29392.30537241817
1417,28624.153839387778,22293.405137182817,29392.30537241818
1419,28624.151311718862,22293.403882108374,29392.30537241816
1420,28624.151312105325,22293.403810211792,29392.305372411327
1421,28624.15131163833,22309.601597302462,29392.305372433453
1422,28603.943218285876,22307.302473601518,29383.44118905173
1423,28603.943218285884,22307.30237998499,29383.441189051762
1424,28603.943220604284,22307.302431925225,29383.441189054254
1426,28603.943220799105,28517.164043495617,29383.441189676516
1425,28603.94322079914,28517.164043495755,29383.44118967648
1427,28603.943220957488,28348.278778925836,29383.441189278652
1428,28603.943220957488,28348.278778925836,29383.441189278652
1429,28616.406269766536,28348.279966673814,29383.441189284073
1430,28616.40627302544,28510.27902351967,29383.44118987795
1431,29066.75487710401,28563.371205866282,29383.441189992995
1432,29066.75487710409,28563.371205866075,29383.441189993056
1435,29066.741218618074,28563.360905467438,29383.44118997766
1434,29066.741218617964,28563.360905470945,29383.441189992947
1433,29066.754877104424,28563.371205866963,29383.441189993217
1436,29066.74121861806,28563.360905482536,29383.44119000801
1438,29078.029479927583,28619.929767885442,29383.441189684178
1439,29078.121814932434,28620.027358817402,29383.441189781905
1440,29083.752887701678,28620.037279446715,29383.441189435187
1437,29078.029479833625,28574.067514371483,29383.441189475147
1441,29083.75288761199,28546.707801216176,29383.441188958255
1443,28366.17950902483,28546.092152317404,29383.44118900739
1444,28425.36551429391,28550.635394216355,29406.154748967638
1442,28366.179508874047,28546.092150262662,29383.4411891524
1445,28425.36551374769,28604.00960691039,29406.15474975759
1446,28425.36551374767,28604.009606910375,29406.15474979575
1448,28425.374780354352,28860.329962072985,29406.154749649948
1447,28425.374787650195,28604.009898720706,29406.154749672925
1449,28425.374779297206,28860.329961852847,29604.12674337858
1451,28425.37477935208,28860.329961854783,29604.12674341311
1452,28379.783998973835,28858.629841189013,29585.12269774679
1450,28425.37477935253,28860.329961854797,29604.126743405934
1453,28379.78399897383,28858.629841189013,29585.122697746814
1454,28379.783999073446,28858.629840652007,29573.13500430621
1455,28379.784007802373,28858.629837537785,29573.135004330918
1457,28379.766927258883,28858.629301037687,29573.135004304502
1456,28379.766927257748,28858.629301037672,29573.135004341297
1458,28379.654476288648,28858.629295457333,29573.135004358788
1459,28379.654475421357,28858.629294213522,29573.13500436585
1461,28379.65447574589,28858.629294059712,29573.135004330426
1460,28379.654476196454,28858.62929374631,29573.13500431784
1462,28379.654475701886,28858.629294059767,29573.13500434167
1463,28379.654476288764,28858.629295457315,29573.13500430862
1464,28379.67249267925,28858.634295949974,29573.135004494572
1465,28379.672492631176,28966.855741686057,29573.13500456677
1466,28379.67249262145,28971.7595677212,29573.135004491123
1467,28379.672492931848,28971.759565697423,29573.13500452086
1468,28319.80317652542,28971.002333160322,29545.88595627751
1469,28319.803176387155,28982.382792124932,29545.885956326947
1470,28319.803176398542,29011.35055117443,29545.885956243503
1471,28319.803176362657,29023.401324059385,29545.885956037226
1472,28237.82832976601,29021.230854824254,29506.922219745862
1473,28236.17962004259,29021.228819010936,29506.922219947817
1475,27475.27816679449,27428.657623800333,29260.7404662161
1476,27475.278166779197,27428.657623797873,29260.740466218318
1477,27475.27816681228,27405.044568023408,29260.740465647505
1474,28236.179620025432,29021.22881901089,29506.922219954195
1478,27475.278166725948,27444.888401697008,29260.74046543031
1479,27475.278165879594,27349.139049966776,29260.74046558766
1480,27476.274961190786,27349.685668486767,29260.74046545847
1481,27471.42654933406,27349.68497065422,29260.740465466995
1482,27471.42653502173,27125.305855355957,29260.740466102427
1483,27471.42653489504,27125.305856015017,29309.73107969264
1484,27471.42654550047,27125.305859929336,29309.73107980039
1485,27471.426535121736,26881.168902070447,29309.731080629565
1486,27471.426529305747,26881.16890111194,29309.73107958721
1487,27471.426526565803,26881.168900723944,29309.73107953454
1488,27549.362344093308,26881.181585238126,29309.73108087056
1489,27231.2281413389,26856.026535071593,29156.358344617238
1490,27231.888287598325,26856.034073016206,29156.35834461873
1491,27231.88829255821,26856.03407905523,29156.358344546323
1492,27478.79329181622,26874.74070722645,29279.443550999444
1493,28905.626330757186,26875.60530369856,29279.443551576143
1494,28905.626330823332,26875.605306648205,29279.44355147709
1495,28905.62633082281,26875.60529791344,29279.443551490236
1496,28905.626330842006,26875.605300605428,29279.44355137772
1497,29148.100399294195,26923.88162869756,29279.443552053104
1498,29172.005814972836,26929.839641626422,29311.53819984312
1499,29172.005814972836,26929.839641626422,29311.53819984312
1500,29178.068239623655,26929.848395904755,29311.538198882645
1501,29178.068239617627,26929.848395837616,29311.53819888476
1502,29182.54193152093,26929.867618071872,29311.538200379346
1503,29182.419096307156,26929.77326928656,29311.53819978946
1504,29182.419096307156,26929.77326928656,29311.53819978946
1505,29182.419096307312,26929.773302873473,29311.53819980591
1506,29182.419096296217,27224.130806595094,29311.538198834867
1507,29182.419096308404,27946.309678986294,29311.53819916616
1509,29182.41909568829,27946.309692064187,29487.027197540785
1508,29182.41909630847,27946.309678986705,29311.538199166105
1510,29182.41909568812,27946.309695097298,29487.027197529176
1511,29182.41909586648,27946.30969228124,29487.027197414187
1513,29182.419095866226,27954.879474190293,29487.027197420386
1512,29182.41909586629,27954.87947428889,29487.027197419397
1514,29220.621040977698,27963.83994746527,29547.85320008913
1515,29220.621043193405,29044.858666981323,29547.85320031306
1516,29220.609266489584,29044.858447369763,29547.853200298356
1517,29220.6092664831,29045.688812785917,29547.85320031053
1519,29220.71532160849,29045.691628766283,29547.853200327358
1518,29220.609266482916,29045.688812772263,29547.85320030722
1520,29220.715321683867,29045.69162982513,29547.853200211925
1521,29220.715321683914,29045.691629825178,29547.853200201662
1522,29228.904330048084,29049.388815835242,29547.853200325782
1523,29228.904330048084,29049.388815834503,29547.853200321377
1525,29228.904329068842,28898.2199077593,29547.853200199665
1524,29228.904329036886,28900.592655813463,29547.853200193524
1526,29228.904329133613,28976.258977217334,29547.85320025257
1527,29247.69040978118,28980.54628388649,29577.240763353664
1530,29247.69041036297,28980.54628382461,29577.240763348407
1529,29247.69040983245,28980.546283820087,29577.240763335343
1528,29247.69040978118,28980.54628388649,29577.240763353664
1532,29247.69041036294,28980.546283824573,29577.24076339663
1533,29247.6128790718,28980.47000634562,29577.240763242196
1531,29247.69041036292,28980.54628382463,29577.240763346024
1534,18919.303579488664,27276.94449579166,29413.7890403154
1535,18919.303579488664,27276.94449579166,29413.7890403154
1537,18919.303579746826,27276.944502532817,29413.789039941956
1536,18919.30358624599,27276.944494634117,29413.789039944637
1538,18919.188066960523,27276.878483705583,29413.78903993578
1539,21033.55000690479,27285.39043525081,29476.949941058512
1540,21033.55001975548,27363.141499250916,29476.949941063733
1541,21033.550049275276,27363.141509006542,29476.94994102517
1542,22420.764471942442,27366.27089847823,29511.63985857059
1543,22420.764568422594,27366.270899317045,29511.639858743558
1544,22505.621535190694,27366.27096885358,29511.63985875856
1545,22506.551331039554,27366.332562581683,29511.63985875081
1546,22506.551272095152,27366.3325614599,29511.639858724935
1547,22506.55123780008,27366.332550692012,29511.63985868683
1548,22506.55135641358,27343.0908846562,29511.639858218303
1549,22506.551301015446,27343.090884671434,29511.639858228755
1550,22506.55121793899,27321.467519418304,29511.63985818127
1551,22506.551290711184,27321.46752016971,29511.63985842011
1554,28612.527571838807,27322.130475976533,29511.639858137933
1553,22506.551303395743,27321.467519204358,29511.639858413146
1552,22506.551315571174,27321.467520541708,29511.639858418355
1556,28612.57724392676,27322.147401635615,29511.639858254057
1555,28612.577241639552,27322.147409461897,29511.63985815384
1558,28618.179369164667,27322.156986626236,29511.639857671908
1557,28618.179369107136,27322.156987679748,29511.63985772418
1559,28618.179368930407,27322.156988042094,29511.639857727998
1560,28618.09817658797,27322.116991328825,29511.639857679496
1561,28615.894924411434,27322.11531592791,29511.639858245282
1562,28615.894924748958,27322.11529215763,29511.639858258175
1563,29062.01259224749,27341.05802003457,29511.639857982835
1565,29072.873072292314,27370.05477260475,29511.63985834951
1564,29072.87307238063,27358.297584596807,29511.639858226896
1566,29072.87306948376,27462.778140918694,29511.63985829171
1567,29072.87306943593,28952.28464649807,29511.63985824614
1568,29072.873071419788,28899.983966104184,29511.639858105504
1569,29085.609908326674,28902.04943265048,29524.936473472993
1570,29085.609908326718,28902.049432650492,29524.9364734396
1571,29085.609910093637,28902.049435335255,29524.936473341008
1572,29085.60991144633,28902.049435306362,29524.93647334081
1573,29085.609911243024,28870.777472045076,29524.93647351303
1574,29085.60991041384,28870.77747327419,29542.95570498217
1575,29085.609911319934,28870.77747233829,28383.919765038503
1577,29052.294407394,28866.52414375004,28301.836982633173
1576,29052.366530012572,28866.525651928932,28301.836982627807
1578,29083.523457100346,28870.555144194142,28378.584382290326
1579,29083.523456845272,28880.687817124883,28378.584382253553
1581,29083.523456352268,28484.27191470666,28378.584383826965
1580,29083.523456126386,27182.814556691847,28378.58438250336
1582,29083.52345664474,28484.271914680772,28378.584383866488
1583,29078.99969992989,28484.263458509675,28378.58438379434
1585,29079.065413940378,28484.423934227743,28378.584383862486
1584,29078.9996999293,28484.263458509664,28378.584383794103
1587,29079.065413600285,28484.42393440071,28378.584383981804
1586,29079.065413600612,28484.423934384136,28378.584383850328
1588,29079.065413600285,28484.42393440071,28378.584383981804
1589,29079.065411362564,28452.138864513985,28378.584383968024
1590,29079.065412112737,28435.179191287625,28378.584383948142
1591,29079.065412113265,28435.179191287556,28378.584383948124
1593,25733.149545233453,25928.09018815546,29368.665071201714
1592,29079.065411579475,28435.179191398616,28378.58438396414
1594,25733.14954193317,25928.09018059123,29368.665071237592
1595,25895.61204792354,25929.901925768052,29388.943041318627
1596,25895.61204739925,22570.170355289923,29388.943041027444
1597,25895.612049034113,22570.170363881014,29388.943040933267
1599,25895.612029428674,22570.17034339805,29388.943041053193
1598,25895.612014382572,22570.170357302566,29388.943040925362
1600,25895.61202744716,22570.17036106412,29388.94304095369
1601,25896.16070905025,22570.628132435802,29388.943041007187
1602,25896.160717925348,22570.628083417327,29388.94304104954
1603,25896.160714010708,22570.628044948076,29388.943041003084
1605,25691.623488985373,22568.071050481227,29360.398624122507
1604,25691.62347720856,22568.07110362353,29360.398624108944
1607,25691.62347745076,22963.29167025712,29360.3986231444
1606,25691.623476841254,22568.071123047877,29360.398624118807
1608,25691.62347745076,22963.29167025712,29360.3986231444
1609,25691.623475383778,22932.90436608444,29360.398623396875
1611,25691.623483607233,22962.056452227385,29360.3986234363
1610,25691.623480984257,22962.056444205984,29360.398623446592
1612,25585.76462691803,22958.846385061886,29344.989685088156
1613,25619.428851559882,22958.884105612833,29344.989685244094
1614,25619.428826604068,22994.69432110679,29344.98968547828
1615,25227.920158927576,22987.250111736485,29291.87190853456
1616,25227.920161922906,22987.25011305169,29241.683665095923
1617,25229.972678759663,22987.53388610291,29241.683666087392
1619,25226.150615706032,27137.165808906422,29241.683665847268
1618,25226.15051570228,22987.083426482663,29241.683666015088
1620,25226.15064987071,27137.16580784651,29241.68366477156
1622,25385.600149211306,27169.792144593393,29241.68366599665
1623,28758.13170699068,27172.677300294068,29241.68366510806
1621,25385.600145903256,27169.79214437335,29241.68366590698
1624,28758.131706992615,27172.677301943637,29241.683665110217
1626,28798.822984307568,28088.898389444912,29302.019314819005
1627,28798.822984307502,28088.89838949528,29302.019314818914
1625,28758.131706945536,28081.488318527016,29241.683666520177
1628,28798.822984237315,28748.082117799117,29302.019314885656
1631,29108.72951942552,28773.79568166946,29302.019314788282
1630,28798.82298423429,28750.44283617625,29302.01931489816
1629,28798.822984234306,28750.44283617635,29302.01931488207
1632,29108.7295194256,28773.79568166851,29302.019314816098
1634,29108.520267899097,28773.45719597634,29302.019314863282
1633,29108.729519425593,28773.795681673073,29302.019314809855
1635,29084.4946681601,28773.376160964886,29302.01931502596
1636,29084.494660874847,28773.376160914413,29517.258984188138
1638,29069.74903413347,28607.04583542756,29517.258984028587
1637,29084.4946667228,28607.062056524606,29517.25898423772
1639,29069.74903413352,28607.04583542426,29517.258983996915
1640,29069.749033687047,28599.698656000844,29517.25898399712
1641,29069.749033687043,28599.698656000844,29517.25898399712
1642,29069.43787751453,28599.698613651995,29517.258983982327
1643,29069.420752247806,28599.69837853557,29517.25898394986
1644,29069.420752247468,28599.698378535388,29517.258983994663
1646,29069.42075132468,28661.448497762703,29517.258984057044
1647,29069.420751324687,28661.448497762703,29517.258984059823
1645,29069.420752246213,28599.69837844849,29517.2589839857
1648,29069.420754470353,28550.33426529258,29517.25898403018
1649,29069.420754553703,28550.33426408704,29517.25898404264
1651,29069.42245042677,28550.338856385428,29517.258983835403
1650,29069.420750723024,28550.33426370233,29517.258983786516
1653,29076.8657934101,28104.100144838918,29510.495125575402
1652,29076.865793410107,28104.100144839253,29510.495125560774
1655,29062.78840078759,28093.74147962072,29510.495124686367
1654,29076.865793968518,28104.10014539218,29510.49512558218
1656,29062.788400817597,27016.779627824453,29510.495126415233
1658,29017.66623140291,25650.6884566043,29464.619038169112
1657,29062.7884007895,25656.398085518318,29510.49512642266
1660,29017.666231402203,25650.688439208676,29464.61903820126
1659,29017.666231402265,25650.688457306027,29464.619038203182
1661,28922.06074434924,25640.340409876517,29350.4436666938
1664,27969.09410822908,25600.157162644187,29350.44366797553
1662,28922.060744407023,25561.13352583609,29350.443667310945
1663,28922.06074452525,25602.52100413398,29350.443667181673
1665,27969.09410847603,25600.157156413545,29350.44366787331
1666,27969.094108129113,25600.1571456604,29350.443667748543
1667,27969.094109074522,25586.08692958788,29350.4436675615
1668,27965.872909478407,25586.0860833111,29350.44366732632
1669,27783.92713004716,25583.060153716433,29263.905130849715
1671,27784.964672287395,25556.762597716246,29263.905130344836
1670,27784.964672336857,25583.06052255064,29263.90513072462
1672,27784.96467228737,25556.762594848187,29263.90513035246
1673,27784.9646724344,25556.762597124238,29263.905130624706
1674,27784.9646724345,25556.7625768687,29263.90513062218
1675,27784.9646724345,25556.762577022775,29263.9051306221
1677,28097.712369663946,25563.345890033514,27081.585174966232
1676,28097.712369371096,25563.345891913355,29406.417730510817
1678,28097.84112557319,25563.89709840169,27081.58517562825
1679,28097.841125817497,25563.897098760077,27081.585176093533
1680,19478.167606353127,25549.001926484274,27081.585175932203
1681,19478.16758276627,25549.001929731403,27081.58517547867
1682,19478.167585508356,25549.00191664869,27081.585174577354
1683,19478.167578321903,25549.001909177336,27081.585162631476
1684,19478.825175481907,25549.42605181852,27081.58516728569
1685,19478.20072669173,25549.07245760336,27081.58516280926
1686,21312.5839110126,25552.422133010372,27334.778838441147
1687,21312.584026079407,5359.633171837745,27334.778838367944
1688,21312.584017300025,5359.633140295769,27334.778826893886
1690,21312.58401489403,5359.633197225914,27334.778824874636
1689,21312.583885619693,5359.633219601088,27334.77882689383
1691,21312.58387874601,5359.633219249915,27334.778824891207
1692,21312.58387537054,5637.504546343014,27334.778824706664
1693,21312.58408172263,5391.116073631461,27334.778824754205
1694,21311.691871097057,5391.086919408048,27334.7788241608
1695,21312.018948548728,5391.100095996993,27334.77882473427
1697,21312.019080587335,5391.100123644276,28239.804924568554
1696,21312.01897203264,5391.100127799397,27334.778824837627
1698,21312.01899238725,5391.100113408629,28239.80492468196
1699,21102.595816163594,5391.087865226794,28239.804917904577
1700,21102.59586679771,5391.087884746399,28239.80491055605
1701,21102.595685624354,5391.0878559592875,28239.804911842606
1702,21081.62532966513,5391.085869793998,28239.804906712783
1703,21081.625439595235,5391.08579696305,28239.804911355186
1704,21081.625616813944,25449.27535787688,28239.804909765415
1705,21081.625352995594,25472.760657152558,28239.804910828105
1706,21082.33598256526,25472.86567451628,28239.804910810755
1707,21082.335931067508,25242.507034458285,28239.804910624407
1709,21082.336180590333,24813.9557104478,28239.80491764978
1710,21082.336180590333,24813.9557104478,28239.80491764978
1708,21082.335989215226,24813.95566376888,28239.804917672856
1711,26063.338801759266,28965.699674502805,29605.438659235286
1713,28853.30292925366,28967.663467012993,29605.43865870518
1712,26060.863133189934,28965.699255507876,29605.43865923224
1714,28853.302929489648,28967.663467517348,29605.438658700077
1715,28853.302929489633,28967.66346751734,29605.43865871366
1716,28845.25560914133,28966.251020695916,29597.10806353499
1717,28817.685320184497,28966.135084406484,29597.10806333126
1718,28817.685320184304,28966.135084406524,29597.10806333107
1719,28817.685320184297,28966.135084406542,29597.108063325166
1720,28817.68532078952,28767.709098686424,29597.108063307533
1721,28817.685320789686,28767.709098686515,29597.108063299762
1722,28817.685320789737,28767.709098686486,29597.108063295695
1723,28817.68531950687,26570.694253689224,29597.10806380991
1724,28817.68531950687,26570.69425368924,29597.10806380991
1725,28783.264143540226,26566.10710562735,29568.58473592864
1726,28783.26414354524,26566.107104680876,29568.584735914308
1727,28783.2641433522,26563.61443037408,29568.58473578706
1728,28783.261998842572,26563.611228896858,29568.584735736607
1730,28801.237663718042,26563.67615386316,29568.584736108198
1729,28801.237663719057,26563.676153111133,29568.584736102588
1732,28801.237667957328,26544.61905830327,29568.58473606898
1731,28801.23766337457,26544.61906671837,29568.584736135577
1733,28801.2376683355,26544.61906940348,29377.88182603163
1734,28801.237668484253,26337.025407953533,29377.881825707536
1736,28801.237668437898,27215.61294152052,29377.88182622568
1735,28801.237668192378,27215.612942587737,29377.881826233104
1737,28801.237668467773,27215.612941631098,29377.8818261977
1738,28801.237668467777,27215.612941948224,29377.881826221037
1739,28801.237668459984,27215.61294132242,29377.88182621141
1740,28801.237668464717,27215.612941941632,29377.881826230485
1741,28801.237668724105,27383.478392020603,29377.88182502437
1744,28801.23766843746,27303.19585937386,29377.881826190438
1742,28801.2376684309,27377.281796497886,29377.881825349577
1743,28801.237668435675,27377.2817952525,29377.88182539025
1745,28801.23766860948,27303.195860089276,29377.881826187666
1747,28801.237668460853,27312.230635189837,29377.881826250254
1746,28801.237668609472,27303.1958600893,29377.881826186345
1748,28801.237668460773,27312.230635179443,29377.881826222092
1749,28801.236894510483,27312.20491783585,29377.881826587713
1750,29121.961790576774,27328.512260927797,29377.881827174464
1751,29079.643375733365,27320.100845273842,29335.851339402805
1752,29079.64337485261,27320.100845146957,29335.851339390472
1753,29079.657322755862,27320.10220026895,29335.85133942776
1754,29071.3561749344,27319.972354951387,29335.8513394166
1755,29071.3561749344,27319.972354951387,29335.8513394166
1756,29071.356175946785,27319.972356013757,29335.8513394317
1757,29071.35617596914,27319.972355896225,29288.535555583276
1758,29016.475865934714,27311.43528487864,29228.425041785136
1759,29016.475866000175,27323.566482411457,29228.42504150433
1760,29016.475866000263,27323.566482554474,29228.425041468472
1761,29016.47586608636,27100.080718981997,29228.425041629016
1762,28922.547215891413,27091.078390633396,29093.888333488976
1764,28922.53173228408,27062.964995999646,29093.88833157805
1763,28922.531732454314,27090.992383060802,29093.888333394352
1765,28917.27387317211,27032.605634907155,29093.88833231954
1767,28919.599554693992,27032.8557668595,29093.888331959686
1766,28917.273873172137,27032.605634903848,29093.888332405073
1769,28919.756151139736,27034.085151212155,29093.888332190363
1768,28919.599555410972,27032.8557714781,29093.88833204477
1770,28743.9297485721,28642.374980956334,29389.84038640882
1771,28743.929748644216,28721.67293782843,29389.840386570377
1772,28743.92974864126,28721.672937835912,29389.84038655059
1773,28743.92974864126,28721.672937835912,29389.84038655059
1774,28743.92974876785,28754.028816810947,29389.84038589202
1777,28750.61909089736,28894.264626487926,29389.84038689597
1776,28750.61909090355,28894.26462648795,29389.84038691213
1775,28750.619090845164,28754.037273512753,29389.84038583102
1778,29058.9824928913,29002.227411438602,29389.840385765892
1779,29058.98249289173,29002.22741143866,29389.8403857175
1780,29058.98249289173,29002.227411438646,29389.840385738607
1781,29058.982492891617,29002.227411438675,29389.840385739273
1782,29058.982492891177,29002.227411438646,29389.84038579913
1783,29047.18209227368,29002.22463499714,29389.840386695672
1786,29098.153269016933,29012.985411809816,29468.8503470191
1784,29098.153266251946,29012.985408521097,29468.850347212447
1785,29098.153268973085,29012.985411911897,29468.850347069732
1787,29098.153268979677,28202.753935271605,29468.85034704053
1788,29098.15326911766,28131.241583323816,29468.850347092397
1790,29112.376162999553,28215.01411125027,29487.2535099772
1789,29112.376163220244,28133.951110878792,29487.253510585673
1792,29081.920995910434,28213.04499968794,29446.205856842826
1793,29081.920995910434,28213.04499968794,29446.205856856606
1791,29112.403761440666,28215.01451566911,29487.253510003455
1794,29081.92099591045,28213.04499969737,29446.205856862183
1796,29081.974038651155,28213.045679810795,29446.20585689618
1795,29081.920995910412,28213.04499956271,29446.205856816952
1797,29081.97403865336,28213.04567932294,29446.205856863824
1798,29081.97403865432,28213.04567924486,29446.205856858636
1799,29081.974038654313,28213.045679244853,29446.205856858614
1800,29081.97403865429,28213.04567924509,29446.20585685865
1801,29083.407856757905,28213.04599231187,29446.205856836677
1802,29083.26261751845,28213.0445450278,29446.205856825207
1805,29059.816208817865,28212.716644543165,26215.565838594997
1804,29059.816209436496,28212.71664273696,26215.565845069978
1803,29059.816209592,28212.716630926407,29446.205857073808
1806,29059.651149447986,28212.715722039524,26215.565838398426
1807,29050.551049045658,28212.715692367274,26215.5658388345
1808,29050.53980562721,28212.71521947848,26215.565839231305
1809,29050.539808086793,28132.370548297913,26215.565837261092
1811,29050.53980808681,28132.370548296796,27830.971952009884
1812,29050.53980808681,28132.370548299612,27830.971952010084
1810,29050.539808086814,28132.37054829794,26215.565844257275
1813,29050.53980808684,28132.370548299616,27830.971952010063
1815,29050.5398055927,28092.60119782028,27830.971952955624
1814,29050.539808508758,28144.053498672278,27830.971952028052
1816,29050.539810424743,28092.601197691136,27830.97195269364
1817,29050.539810427534,28092.601207698026,27830.97195277924
1818,29050.539810426602,28092.601200778798,27830.97195260819
1819,29104.695764581305,28099.52937929322,28002.93348709015
1820,29104.700119376073,28099.529706375517,28002.93348740889
1821,29104.70011937632,28099.529706690613,28002.933487304195
1822,29104.700119183883,28091.03734054276,28002.93348665923
1825,28409.17330672009,28532.301549874523,28002.933487630715
1823,29104.70011954972,28715.905142772666,28002.933473983816
1824,29104.700120057438,28532.30419138794,28002.93348269076
1826,28409.173306849647,28533.0138018308,28002.933487732982
1828,28465.54041377669,28536.58223531743,28084.629459790056
1827,28465.54041364586,28536.582235577916,28084.62945981033
1829,591.9608915376693,26816.24761859512,29368.427158468592
1831,591.9608915473358,26667.46103523519,29368.427159147694
1833,591.8823676265076,26667.449191549073,29368.427159145256
1832,591.9608915462452,26667.461035221746,29368.427159151535
1830,591.9608914886041,26667.46103253028,29368.427158732833
1834,591.8823676283148,26667.449182954013,29368.427159170067
1835,631.4727356092923,26668.9860039666,29479.916300590077
1837,631.4727355613684,26782.35969150778,29479.916301044996
1836,631.4727355613671,26782.359689961257,29479.9163010532
1838,631.4727355613684,26782.35969150778,29479.916301044996
1839,631.472735411771,26761.87045528069,29479.916300297096
1842,631.6194540441977,26762.397777473478,29479.916300803037
1840,631.472735559731,26761.870443152155,29479.916300597113
1841,631.472735559731,26761.870443152155,29479.916300597113
1843,631.6194540441361,26762.397776524598,29479.916300815417
1846,631.6194540381481,26686.168195853694,29461.66775117956
1845,631.6194540292558,26686.168194754966,29461.667751167995
1847,631.6148570353519,26686.16270403235,29461.667751460216
1844,631.6194540993042,26762.397785029352,29461.667751136523
1848,631.6148570314583,26686.162703707534,29461.66775146622
1850,631.6148570288619,28231.88897448581,29461.66775169124
1849,631.6148570304456,26673.119979581126,29461.667751866356
1851,631.6148570248802,28231.888979161093,29461.66775166576
1852,631.6148569997534,28231.88897668757,29461.667751658104
1854,631.6148570339924,28231.888983034245,29461.667751671084
1853,631.6148569997538,28231.888976687573,29461.667751658104
1855,631.5909423085579,28231.863830477436,29461.66775168758
1856,631.5909423085534,28231.863830477418,29461.667751687582
1859,26908.2210618849,28333.416507569586,29461.667751345056
1857,26908.221022017155,28333.416507590166,29461.66775133738
1858,26908.221063080906,28333.416507569025,29461.667751361972
1860,26908.22106152676,28333.416507568723,29461.66775134533
1861,26908.31387226835,28333.41657536273,29461.667751317484
1862,26908.31387142622,28333.416581254824,29461.667751326815
1863,26908.31387008111,28303.087104035545,29461.667751480567
1864,26907.051833982478,28303.087103452006,29461.66775149404
1866,26907.05183518395,28303.087103522415,29461.667751514113
1865,26907.051834809085,28303.087103525817,29461.667751486257
1867,26907.05183274251,28190.19023104756,29461.66775089885
1870,26928.759165875694,28191.249566331608,29256.42037962719
1868,26928.759179751032,28191.249570431628,29461.667751407767
1869,26928.75916950487,28191.249564448084,29461.66775111021
1871,26928.75916080409,28454.831311681774,29256.420378761053
1872,26928.759165627867,28986.750534860243,29256.420379467083
1873,26928.759166455824,28986.750534861407,29256.42037951172
1874,28776.861056078655,28986.891611873027,29256.420380784868
1875,28815.572259764827,28986.895379644688,29256.420381053038
1876,28815.572259764947,28986.895379634283,29256.420381044423
1878,28869.132436913154,28993.19972185603,29305.04461811075
1877,28868.885687004604,28993.199712662186,29305.044618021453
1879,28869.132437129276,28988.51065780635,29305.044618113017
1881,28912.431864235303,28994.743632300095,29336.8745402887
1880,28906.504693639443,28994.74292021161,29336.874540440564
1882,28943.50887982417,28999.963787982437,29361.156245205897
1885,28933.04961158395,28990.643768448786,29352.793088248734
1883,28933.049611645667,28997.948604117882,29352.793087758742
1884,28933.04961163096,28991.502355338584,29352.793088139777
1886,28933.049611589846,28990.64376843187,29352.79308827297
1887,28932.957488000284,28990.625523109127,29352.793088154307
1890,29091.490305155494,462.50319153677935,27636.22159067842
1888,29093.085642082857,462.50331339030475,29534.032132315097
1889,29091.490305353116,462.50319163519754,29534.032132050917
1891,29091.490305139392,462.83432234989925,27636.221590002257
1894,29091.49030541612,530.8053896792887,27636.221589574274
1892,29091.490305354127,459.7453029574789,27636.221590603473
1893,29091.490305416202,530.8053896778488,27636.221589584668
1895,29091.490305099094,520.7039375970204,27636.221589976798
1896,29091.49030511763,21922.529795245413,27636.22158984124
1897,29063.707067551462,21918.991409721333,27504.49313482806
1898,29063.70706755147,21918.991408478018,27504.49313482806
1899,29063.707067546355,21872.06672688249,27504.4931361487
1900,29063.707067550597,21872.066739291655,27504.49313716626
1901,29063.707067667518,21872.066683332312,27504.49313123191
1902,29063.707064434555,21872.06673389138,27504.493135774173
1903,29063.707062178095,21751.26107705068,27504.493136051664
1904,29063.7070634521,21751.261083359685,27504.493135430625
1905,29063.707063451977,21751.261106377562,27504.493135430566
1907,29063.707061513556,21751.26109177784,28337.8229655717
1906,29063.70706345291,21751.261088079536,28337.822962331313
1908,29063.70706151299,21751.261080631135,28337.822965571708
1909,29063.70706633936,27355.473774354316,28337.82296448772
1910,28619.59756611078,27350.813112685457,28337.822980945533
1911,28622.22539203701,27350.820229419252,28337.822980918943
1912,28622.22539396763,28807.590144260852,28337.822980919766
1914,28622.176529562395,28807.204440520763,28337.822980959518
1913,28622.13852186696,28807.173756866083,28337.82298100519
1916,28654.69960472655,28807.29138140651,28337.82298105269
1915,28654.69960472773,28807.29138140651,28337.82298105269
1917,28654.69960473934,28807.291381406496,28337.82298105269
1918,28654.803648889247,28807.420465009163,28337.822981730864
1920,28654.803648891422,28807.420465009185,28337.822981730864
1919,28654.803648888956,28807.420465009163,28337.822981730864
1921,28654.803648888275,28807.420465009163,28337.822981730864
1922,22579.9053428286,28802.83631297059,28337.82297955682
1923,22579.90534451674,28802.83631297059,28337.82297955682
1924,23167.582880274676,28806.897047791466,28400.542713673734
1925,23167.582882981478,28806.897049026906,28400.54271170409
1926,23167.60995644612,28806.929313572255,28400.542711659393
1927,23167.60995339772,28813.534329900216,28400.542703081403
1928,23167.60995723972,28813.53432990022,28400.5427030814
1929,23083.182915552105,28781.34661046611,28400.54271234762
1930,23083.182915763784,28781.34661051331,28400.542712356437
1932,22383.529069843316,28608.372178408674,28326.485081276667
1931,23083.182913542587,28612.24313633478,28400.54271287829
1933,22383.52907275033,28608.372178064965,28326.48508137476
1934,22383.582534915255,28608.400632666366,28326.4850813746
1935,22383.58253610717,28608.40063264634,28326.485081374514
1936,22382.157187421464,28608.229123030265,28326.485081397746
1937,22382.157186873395,28608.22912302943,28326.485081397725
1938,21438.636185180418,28604.449054383975,28238.375039016395
1939,21438.636166901662,28604.449054805038,28238.375038930208
1940,21438.636168817386,28604.44905483436,28238.375038930415
1941,21438.636171786362,28604.449054876874,28238.375038930422
1942,21962.288748312007,28606.954753438404,28288.32373132366
1943,21962.288755575297,28582.55297394577,28288.323733368434
1944,21856.530706838443,28582.548236598985,28288.32373624475
1945,21856.530706838443,28582.548236598985,28288.32373624475
1946,21856.53070776624,28507.01764014687,28288.323736502633
1947,16808.458626536107,28911.499088671037,29371.170069941174
1949,16808.458911488746,28974.008381603307,29371.170070666114
1948,16808.45892310999,28911.499088671066,29371.170069905536
1950,16808.458894957083,28974.008381603377,29371.170070689997
1951,16808.4589077172,28974.008381603337,29371.170070690277
1952,27936.889146418383,28995.197117884847,29371.17006998274
1953,27936.98212212777,28995.201392043917,29371.17007020228
1954,27936.982122127778,28995.20139204391,29371.17007020219
1955,27936.982122433496,28992.387902286267,29371.170069985776
1956,27936.98211018285,28992.387902650888,29371.17007052121
1957,27936.98211299862,28985.208278123107,29371.17007051163
1958,27936.98211299807,28985.20827812311,29371.170070510154
1959,27936.98211136358,28985.208279296552,29397.46717203311
1960,28156.020013989277,28997.430010399738,29496.526680157403
1961,28156.020012576566,28997.430010399774,29496.526680171988
1963,28155.67573434197,28997.6361831323,29496.52667995839
1962,28156.02001187759,28997.858607083246,29496.526680185692
1964,28144.281133190023,28997.63537757696,29496.526679694267
1966,28274.591955471264,29005.827634411115,29552.784487906745
1967,28274.591955471264,29005.827634411115,29552.784487906745
1965,28147.319258841562,28997.63603305052,29496.526679913935
1968,28274.59194647306,29005.827632301225,29552.78448818234
1971,28225.965120140794,29002.205996743738,29362.84018746417
1970,28274.591936809986,29005.827633863464,29381.133332056525
1969,28274.591946473094,29005.827632301225,29552.78448813542
1972,28225.9651201408,29002.205996743785,29362.840187449758
1973,28225.965119564018,29090.164659610502,29362.84018767566
1975,28327.334397557886,29097.264581608095,29398.90977731672
1974,28225.96431787032,29090.160774020398,29362.840187690537
1976,28327.334398486957,29096.956292230396,29398.909777746914
1978,28327.33439848698,29096.956292230443,29398.909777756104
1977,28327.334398486986,29096.95629223046,29398.909777694866
1979,28327.334398486986,29096.956292230447,29398.909777756104
1980,28393.607264596692,29100.500550087094,29417.757324397375
1981,28393.739970077975,29100.50055286531,29417.757324395163
1983,28393.739969062,29002.846852200615,29417.75732487925
1982,28393.73996710607,29002.846852200586,29417.757324914677
1984,28393.739969061833,29002.84685220039,29417.757324894657
1985,28393.739969061797,29002.846852200397,29417.75732493582
1986,28393.739970036142,29005.669105487785,29417.757324545993
1987,28393.739000141944,29005.663877429506,29417.757324538034
1988,28393.739000141955,29005.663877429506,29417.7573245135
1991,28393.73862332326,29005.638934204726,29417.757324645612
1989,28393.739005342162,29005.66387741838,29417.75732450517
1990,28393.738629362946,29005.63893420524,29417.75732455332
1992,28393.73862304135,29049.0576850394,29417.75732437167
1993,28390.080912142865,29049.052605921548,29417.7573243623
1995,28390.080912006215,29049.05260591257,29417.75732433998
1994,28390.080912006168,29049.052605921726,29417.757324341186
1996,28390.080911913275,29058.805836775762,29417.75732377673
1997,29082.11608125137,29061.070923505096,29417.757323147678
1999,29082.83913118352,29082.928972782785,29417.7573238052
1998,29082.83531938993,29082.927791459755,29417.75732381997
2000,29082.83913118352,29082.9289727828,29417.757323803977
2002,29082.839131183522,29082.928972782756,29417.75732381936
2001,29082.83913118355,29082.928972782644,29417.757323786915
2003,29082.839126314175,28574.36773088602,29417.757323921018
2004,29082.83912831259,28525.862990843772,29417.75732456774
2005,29082.839127686588,27401.812589857014,29417.757324524344
2006,28981.059642847827,28950.198415680672,29375.471983740856
2007,28981.059642847784,28950.198415680734,29375.47198375805
2008,28981.129989719087,28950.34203915921,29375.47198345417
2010,28981.12998573677,28497.35395674077,29375.471982958465
2009,28981.129989719142,28950.34203915923,29375.471983451698
2012,28965.092781821353,28493.2493441802,29355.940224174774
2011,28981.129985736752,28497.35395674096,29375.471982958803
2014,28965.092781739215,28611.2967794762,29355.9402243602
2013,28965.092781821346,28493.24934418021,29355.940224173894
2015,28965.092781739197,28611.296779477707,29355.940224355687
2016,28965.09278152862,28635.716836466956,29355.940223744965
2017,28936.076726661333,28635.47465070188,29355.940224838752
2018,28936.07672660223,28635.47465081015,29355.940224813254
2019,28936.076726801162,28120.627753123576,29355.940224592996
2020,28936.07672680117,28120.62775287753,29355.94022458649
2021,28936.07672641531,28120.62775466952,29522.086696203725
2022,28936.07672641603,28180.508054267524,29522.086695831887
2023,28972.15111935098,28186.03730742373,29561.243539156225
2024,28972.151119296876,28256.99118165693,29561.2435393438
2025,28972.150476393545,28256.98542981379,29561.243539324932
2026,28972.150476455125,28277.490779544816,29561.243539141804
2027,28933.825568586377,28272.24723439831,29520.4288216903
2028,28933.825568711953,28272.24723157799,29520.4288215449
2030,28933.82556869719,27954.82900349275,29520.42882143658
2029,28933.825568697157,27954.829003896004,29520.42882145244
2032,28981.55347870158,27959.30416810031,29573.083239368294
2031,28981.55347865828,27959.30416975872,29573.083239355234
2033,28979.465436407478,27941.395945868866,29573.083239517357
2035,28979.46543311207,27941.395945178323,29573.083239509393
2034,28979.46543311202,27941.39594517181,29573.083239526284
2036,28979.465433112084,27941.395945178327,29573.083239498774
2037,28979.295531953896,27941.364215097074,29573.08323950468
2038,28979.295535306417,27941.36421542254,29573.08323952239
2039,28979.295535306308,27941.364214395922,29573.08323948368
2040,28979.29553530027,27941.36421624418,29573.08323953482
2041,28979.295535301124,27941.36421547825,29573.083239542866
2042,28979.295535299545,27941.364212670473,29573.083239547028
2043,28979.29553519167,28076.07847054219,29573.083239537802
2044,28979.284238702385,28076.07737328818,29573.083239547806
2045,28979.284238702407,28076.077373293592,29573.08323957865
2046,28979.284238977485,28111.590477851045,29573.083239545274
2047,28979.284238774533,28059.733429476863,29573.083239541476
2048,28979.284238776556,28059.73343275364,29573.083239546286
2049,27718.004540949485,28059.519368445923,29573.08323805659
2050,27792.781281934927,28061.056118150205,29595.554009682048
2051,27792.781281934927,28061.056118150205,29595.554009682048
2052,27792.781281934924,28061.056118150205,29595.554009659416
2053,27792.781287368405,28061.056115936244,29595.554009681633
2054,27796.444089244305,28061.056506106164,29595.554009156305
2055,27786.967498960053,28061.05363435586,29595.554009657277
2056,27786.967500133593,28061.053631028193,29595.554009680414
2059,27786.96644138592,28240.3106543366,29583.419338725194
2057,27786.966437387637,28061.05179090892,29595.55400967641
2058,27786.966438821335,28240.310655361616,29595.554009677784
2060,27763.600282770818,28240.31051304721,29583.41933878055
2061,28827.08613960299,28243.900511298234,29583.41933842645
2062,28827.095080769563,28243.90789517455,29583.41933840857
2064,28827.09508102545,27235.29522581176,29583.419338432068
2063,28827.095080769723,28243.90789517941,29583.419338391755
2065,29019.230684031136,28184.969436920623,28263.500582161883
2066,28955.988821774736,28184.205307612607,28111.532807475098
2068,28955.98882675068,27989.003768062896,28111.5328037235
2067,28955.98882142651,28184.205305478652,28111.53280743167
2070,28963.79967429898,27989.006938203896,28111.532802309768
2069,28955.98882675088,27989.003768062932,28111.532803722566
2071,28963.799674299917,27989.00693819531,28111.53280224749
2072,28948.790738969503,27989.003506494046,28111.532806293668
2073,28948.790737779265,27989.00350636508,29443.608826622192
2074,28948.79073693385,13492.297605472475,29443.60882705733
2075,28948.790737797928,13443.563669121653,29443.60882714117
2076,28948.790737798015,13443.563678481316,29443.608827144435
2078,28948.790739440454,13443.563678856122,29443.60882634086
2077,28948.790737797735,13443.563656890447,29443.60882709783
2079,28948.79073786259,13443.563761345422,29443.608826298412
2080,28948.790738056545,13443.563758878547,29443.608826294614
2082,28948.7907405602,13443.563750480342,29443.608826362135
2083,28951.816041711274,13443.574001042718,29443.60882675398
2081,28948.79073563792,13443.56378316478,29443.6088263536
2084,28951.81604020609,1032.1986003536258,29443.608826747135
2085,28951.816037790053,1032.1985999221884,29420.267894858483
2086,28951.816037790053,1032.1985999221884,29420.267894858487
2087,28951.81603839154,991.8882921126507,29420.267894871035
2088,28951.747304379616,991.8844638689833,29420.267894797253
2089,28833.095718801174,991.6715978532984,29287.911923161337
2090,28890.462987274997,991.6806789964105,29287.91192296666
2091,28890.46298800611,991.6806788413821,29287.911923146014
2092,28890.462988006366,991.6806793009222,29287.911923160736
2093,28890.462987851555,990.3799629214309,29287.911923158113
2094,28890.462987458646,20251.027560026603,29287.911922601663
2096,28890.462987347786,20095.320012213553,29287.91192248982
2095,28890.462987351617,20251.027680627223,29287.911922986907
2097,28890.462987163577,20095.320034222284,29287.911923630803
2098,28890.462987163897,20095.320055320954,29287.911923637323
2100,27840.819148128197,20092.288054836954,29287.911923003732
2099,27840.910911280527,20092.406320611804,29287.911922848114
2101,27841.20946488848,20093.532754016793,29287.911923169395
2102,27840.172942500496,20090.96010170665,29287.9119235421
2103,28121.50952158786,20095.986583288322,29416.226326249238
2104,28108.66410834143,20040.572751896234,29416.22632691349
2105,28108.664103987245,21513.151558829024,29416.226326899923
2106,28277.432813534513,21528.36858238679,29490.918164509145
2109,28277.43283301215,21461.671053660757,29490.918163907816
2107,28277.432821027363,21461.671068334723,29490.918164508053
2108,28277.43282188428,21461.67106861008,29490.91816448658
2110,21752.423000356335,21412.1664768974,29490.91816453129
2111,21752.422939871874,21412.166360414212,29490.918164488085
2113,21752.471602435366,21412.171989468683,29490.918164525738
2112,21752.422939871874,21412.166360414212,29490.918164488085
2117,22195.503890713484,21444.879732152865,29506.331881201273
2116,22195.407038208923,21444.660920516133,29506.331881206577
2114,21752.471694337764,21441.30355725812,29490.918164507842
2115,22195.406913182753,21444.660765030258,29506.331881193008
2118,22195.50387124161,21444.879718109078,29506.331881188482
2119,22195.503849577544,21402.22895705265,29506.331881190683
2120,22195.5038900393,21402.229011050324,29506.33188114196
2121,22195.50394250007,25496.110744404403,29506.331881179824
2124,28657.818461888834,28713.2089043592,29420.292764300455
2123,22195.503966601933,25496.110735050184,29506.33188116175
2125,28657.81846210904,28713.20891197683,29420.292764330967
2122,22195.50394258332,25496.110736610186,29506.331881174734
2129,28657.77428672403,28712.415601054756,29420.292764263333
2126,28657.81846206997,28712.41653757172,29420.292764343085
2127,28657.81846204213,28712.416537571575,29420.29276434905
2128,28657.818462042153,28712.416537571564,29420.29276434906
2130,28657.77428667271,28714.373785582662,29420.292764421298
2132,28657.774287090335,28714.37378112401,29601.91674221062
2131,28657.77428707783,28714.373782644507,29601.916741924113
2133,28657.774287065975,28843.59864815598,29601.916742498368
2134,28657.774287105276,28753.288186902133,29601.916741778507
2135,28670.70633438153,28753.29411389142,29601.91674192554
2136,28670.673010379527,28753.293829889528,29601.91674193819
2137,28666.073441393382,28753.288095339507,29601.916741928333
2138,28666.07344140399,28787.300872212043,29601.91674194473
2139,28666.07344140909,28787.30087221203,29601.91674195305
2140,28666.073441376735,27243.322608374154,29601.916741938352
2142,28666.075227918238,27243.322641419167,29590.07262652301
2141,28666.07522817228,27243.322638707043,29601.916741952882
2144,28666.075227915804,27291.517433715242,29590.072626544876
2146,28662.064007196386,27261.6846790391,29590.072626741385
2145,28662.064007218243,27291.517341844687,29590.072626740246
2143,28666.075227901572,27269.54076063434,29590.072626731973
2147,28662.064005286276,27261.684680470542,29590.072626639114
2148,28628.22282119537,27260.247428128787,29568.202419121986
2149,29070.838658977184,27275.494648951702,29568.202419523564
2150,29092.64488530212,27277.155990709485,29589.45390695125
2151,29092.644885302143,27277.155990710577,29589.453906958322
2152,29092.64488575396,27403.242691835516,29589.45390663425
2153,29092.644885749552,27403.24267552431,29589.453906664065
2154,29092.64488574958,27403.242675521255,29589.453906664057
2156,29092.663696938267,27403.250009964206,29589.453906682873
2155,29092.644885744387,27403.242688342485,29589.45390668492
2158,29042.610408287033,27396.126292067096,29538.643624295717
2157,29082.269985312767,27401.737933670633,29579.4326541771
2159,29042.610407383178,27499.00153950666,29538.643623853066
2160,29042.610407113723,27499.001526043692,29538.643623862434
2161,29042.610407113483,27499.001550917317,29538.643623865737
2162,29042.610407180135,27499.001548642875,29538.643623834974
2163,29042.610407180036,27499.00155153482,29538.643623810833
2164,29042.610407909448,27494.65115714194,29538.643624142867
2165,29042.610407909437,27494.651157141954,29538.643624142875
2166,29042.552077832603,27494.639541528195,29538.643624116827
2167,28291.51644955776,27494.58719618094,29538.643623248034
2169,28291.516448218368,27494.587202405888,29538.643623220036
2168,28291.51644821471,27494.58719909016,29538.643623235683
2170,28291.516448218368,27494.587202405888,29538.643623220036
2171,28291.51644999992,27494.587200333226,29538.643623243497
2172,28290.218554917003,27494.587199278925,29538.643623265976
2173,28290.22055356617,27494.587706388418,29538.643623235344
2174,28290.220553906467,27494.5877137742,29538.643623223787
2175,28173.68825139919,27489.108351881943,29488.997933923158
2176,28173.688251399224,27489.108351881907,29488.997933912913
2177,28173.688251400854,27489.10834903326,29488.997933926636
2179,28179.771321279906,27492.529042189326,29488.997933156672
2178,28173.688251388092,27489.10835702195,29488.99793396097
2180,28179.771321278928,27492.529042197595,29488.997933170445
2181,28179.77133588796,27492.529036343138,29488.99793317684
2182,28179.771335792386,28612.491610741272,29488.997933793937
2183,28380.164671715407,27860.470598658278,29520.420172192375
2184,28380.16467149284,28987.022467863408,29520.420172679726
2185,28380.164671928407,28987.022467863448,29520.420172697064
2186,28380.164671537837,28938.60750572833,29520.42017226119
2187,28380.164671529565,28938.607505728283,29520.42017226112
2188,29092.47570599318,28939.463437706545,29520.42017263932
2189,29092.47570483384,28939.46343673395,29520.420172557453
2190,29092.475706028556,28939.46343699338,29520.42017251316
2191,29092.475706028526,28939.46343699336,29520.420172511967
2192,29092.47570602854,28939.463436993363,29520.420172516206
2193,29092.47570594784,28948.314795388913,29520.42017253437
2194,29043.19478559871,28942.453326997602,29448.565723050942
2195,29043.194786641132,29083.36896798569,29448.565723006293
2196,29043.487914909023,29083.672125296565,29448.565722866988
2197,29040.015125305596,29083.660092003214,29448.565722758605
2198,29008.42854188836,29080.477373363196,29398.76283356249
2199,29082.013143565808,29088.312523558216,29508.904629320583
2200,29082.013143565808,29088.31252355822,29508.90462932058
2201,29082.00203907027,29088.3118670075,29508.904629298733
2202,29082.054834941093,29088.316099434593,29508.904629312536
2203,29082.054835059247,29105.519843402915,29508.904629386743
2204,29083.454503753997,29105.52118365757,29508.904629526645
2205,29083.45450344193,29055.40041874505,29508.90462896615
2206,29083.454503442736,29055.400418745143,29508.90462898311
2207,29083.45450344285,29055.400418745252,29508.904628992525
2208,29083.45450337696,29048.396716360694,29508.904628976998
2209,29083.145885153324,29048.289043609624,29508.904628926328
2210,29083.145885353722,29069.144816576205,29508.904628809934
2211,29032.701073258526,29064.5198479536,29436.372435813195
2212,29032.701073269258,29050.996264593807,29436.372435736146
2213,29032.70107326489,29083.620084545677,29436.372435798217
2214,29032.701073265947,29083.620084545626,29436.372435770107
2215,29032.701074138036,29083.62008451981,29436.372435889476
2217,29032.84121057002,29100.653328478063,29436.372435904734
2216,29032.841210464365,29083.626770921168,29436.372435902656
2219,29032.84121056937,29100.65332847804,29436.372435930338
2218,29032.841210569335,29100.653328478045,29436.372435924448
2220,29032.841210568946,29100.653328478045,29436.37243595531
2221,29032.841210568935,29100.65332847806,29436.37243596501
2222,28703.857939829515,29085.756123256382,29436.372435322177
2223,28635.085782746806,29085.732126532395,29436.372435666057
2224,28635.085782746795,29085.732126532417,29436.372435629375
2225,28635.085782746788,29085.73212653243,29436.37243562941
2226,28635.085783338054,29085.732125153092,29457.38517498224
2227,28635.085783573988,29085.732124927075,29457.3851750004
2228,28635.08578350005,29085.732124968097,29301.16936110825
2229,28635.08578353231,29085.73212488829,29301.169361176955
2230,28635.085783567167,29085.732124617964,29301.169360029315
2231,28680.566492270696,29085.744443398078,29301.169360904678
2232,28680.56649228191,29085.74444339912,29301.169360994838
2233,28680.566491236215,29087.586802779806,29301.169361033288
2234,28684.87518178729,29092.288414795563,29301.169360670436
2235,28684.875181787254,29092.288414795563,29301.169360671352
2236,28684.88051139044,29092.299677448573,29301.16936064502
2237,28684.88051139044,29092.299677448573,29301.16936064502
2238,28684.88051138982,29092.299677448278,29301.1693606579
2239,28684.88051138982,29092.299677448642,29301.169360658027
2240,28684.880513630727,28708.955822936307,29301.16935910253
2242,15377.125950210368,28116.75532275672,29197.98496998114
2241,28745.886304810592,28711.250304104637,29359.804451140066
2243,15377.12593756226,28116.755323111574,29197.984969953162
2244,15377.125919719914,28116.755323521313,29197.984969509183
2245,15377.125843664264,28116.755323521786,29197.98496950968
2246,15368.374896102945,28116.752994093615,29197.9849695029
2247,15368.374917344929,28116.752994093564,29197.98496950754
2248,20559.88792355478,28131.360455030197,29321.10897885472
2249,20559.887917698077,27791.452897410963,29321.108978644617
2250,20559.887929447585,28521.424138965554,29321.10897825595
2251,20559.887918086817,28521.42413896559,29321.108978236676
2252,20619.353423160548,28521.424157031423,29321.10897883259
2254,20619.353446163717,28521.42415765466,29321.108979068842
2253,20619.35342247856,28521.424157031495,29321.108978847038
2255,20619.353459418417,28521.424155938566,29321.108978655582
2256,20619.35340269079,28521.424161647454,29272.879920340813
2257,20619.35345804361,28645.352245294936,29272.879921920485
2258,20619.35345804361,28645.352245294936,29272.879921920485
2259,20619.353459398746,28645.35223900147,29272.87992276226
2260,20619.353179478247,28645.352239001433,29272.879922762506
2262,20683.517332023832,28645.35248199323,29272.879923078406
2261,20619.35321498454,28645.352239001433,29272.879922762513
2264,20604.582707694415,28644.88877102417,29272.879922039858
2263,20604.582688492843,28644.888771024394,29272.879922040207
2266,28534.0599285001,28609.941579634957,29272.879922402997
2265,20604.582693982215,28609.88011795135,29272.879921933512
2268,28640.384318600984,28617.810352579378,29342.71442791797
2267,28602.48508003237,28615.10782266256,29320.638922199134
2269,28640.384318601173,28617.81035257956,29342.71442791726
2270,28640.444675775077,28617.810398401612,29342.714429092972
2271,28640.409133362402,28617.806680152564,29342.71442911109
2272,28656.8906933381,28619.253136012594,29352.63132564687
2273,28656.89069334501,28619.253136012696,29352.631325646827
2275,28672.154721336774,28494.325713300765,29352.631325817645
2274,28672.15472137944,28619.253492706557,29352.631326494957
2276,28696.95524646512,28496.249017217462,29366.559891126934
2277,28696.955243153854,28496.249012582462,29366.55989119893
2279,28697.00395233855,26345.761104091922,29366.559891325778
2278,28696.955241803313,26345.760277504534,29366.55989132374
2280,28697.00394673781,26448.284262182227,29366.55989070749
2281,28697.00394678365,26448.284260989887,29366.559890707416
2283,29113.891875037,26463.512732627798,29366.559889614855
2284,29113.891875071145,26663.02292100281,29366.55988989991
2282,28697.003946827415,26453.823470590192,29366.559890732355
2285,29113.891875072608,26663.022906419985,29366.559889899923
2287,29113.891874901543,26656.624155035035,29366.55989002644
2288,29113.959970088676,26656.652512299475,29366.559890026594
2286,29113.891874902307,26656.62417748905,29366.559890026474
2289,29110.272283242695,26656.65106584149,29366.55989018236
2290,29110.26881748622,26656.65088318592,29366.559890045202
2291,29110.26881753318,26662.471875776893,29366.559889913195
2293,29110.26881719348,26662.471882570564,29598.85731293146
2292,29110.268817193504,26662.471882567366,29598.857312922635
2294,29110.268817002456,26754.12198431744,29598.857313447163
2295,29110.268817003052,26754.12199448804,29598.857313426735
2296,29110.268817201082,26695.65145266262,29598.857312884902
2297,29110.26881719964,26695.651453576193,29598.857312888016
2298,29110.268815943196,26695.651503730383,29598.857312718283
2299,29110.268815939176,26695.651504552814,29598.857312698
2300,29110.268815939246,26695.651501889002,29598.8573126543
2301,29088.852506493753,20300.705162655606,29389.190063903126
2302,29088.85250655565,20300.705062883542,29344.3721690058
2303,29088.832339240544,20300.68288897548,29344.372168509282
2304,29088.832339062697,20300.682953522937,29570.610626908154
2305,29088.832339155822,21116.659772560473,29570.61062688075
2307,29077.726658473424,21114.54985645204,29558.196370386693
2306,29077.705289000798,21114.54225832696,29558.196370406444
2308,29078.209217972675,21114.55010857407,29558.196370415302
2309,29044.043084149136,21109.76031651217,29521.755201871427
2310,29044.04307836104,21109.7603454593,29521.755202077613
2311,29044.04307835229,21109.76030429316,29521.755202083456
2312,29044.043078352388,21109.760139727314,29521.755202083463
2313,29044.043081279822,21109.760138531034,29521.755201710068
2314,29043.995355224397,21109.72256655807,29521.75520191471
2315,29043.99535229669,21109.722493180645,29521.75520193614
2316,29043.995354121034,21109.722511908672,29521.755202054148
2317,29043.995353531835,21109.722577658496,29521.755202007862
2318,29043.99535353182,21109.72237550902,29521.755202011092
2319,29043.995353379847,21109.722530295538,29521.755202036333
2320,29044.150983930762,21109.830699706443,29521.755202026237
2321,28265.916358914044,21109.285322490643,29521.75520155615
2322,28265.91635101234,21109.285282670186,29521.755201552747
2325,28345.78649029349,21114.31443968628,29556.916747189964
2324,28345.78649396612,21114.31432113301,29556.916747180898
2323,28343.248340842365,21114.31405102789,29556.916747408824
2326,28345.786489038645,21131.47615651242,29556.91674738918
2327,28345.786489038655,511.2704776486523,29556.916747389194
2328,28345.78649043116,511.54833948617494,29556.91674732687
2329,28345.78648229917,511.54833949621974,29556.916747525058
2331,28276.47223677926,511.4687894849568,29523.640728989627
2330,28345.786490076724,511.548339610795,29556.916747512416
2332,28276.47223174257,512.6517254473562,29523.640728998897
2333,28276.472233512086,512.6517254628307,29523.64072903592
2335,28265.617709487196,512.6512162120362,29523.64072929287
2334,28265.62191516926,512.6516490369124,29523.640729261177
2337,28265.6177122202,512.9424983121609,29523.64072924124
2336,28265.61771222082,512.9424983168431,29523.640729247832
2338,28265.6177122202,512.9424983121609,29523.64072924124
2339,28265.61771222209,25820.664909063373,29523.640729231698
2340,28265.61771168219,25904.640261064662,29523.640729511233
2341,28265.617713371954,25904.640254595477,29523.640729558458
2342,28267.8715600088,25904.642010320924,29523.640730094972
2343,28267.871558362676,25952.742265544206,29523.64073007252
2344,28348.17935060607,25956.744326738546,29558.69879247313
2345,28348.17935060613,25956.744269740946,29558.698792483017
2346,28348.208548593368,25956.745070243003,29558.698792804156
2347,28348.208548594455,25956.745118679224,29558.698792766096
2348,28348.208548594506,25956.745079497297,29558.698792813637
2349,28348.20855417967,26687.07641666392,29558.69879259383
2350,28347.848443949275,26680.76132542107,29558.698792782765
2351,28347.848430177928,26695.45217908612,29558.69879236675
2352,28347.848438032284,26679.499137767598,29558.69879285698
2353,22612.04805445955,26668.135165591044,29558.698792749536
2354,22612.04805682578,26668.13517910191,29558.6987927561
2355,22612.048042677903,26668.135231807515,29558.698792793497
2356,22612.04805789229,26668.135234137957,29558.698792751886
2357,22612.048062885955,26668.13516781237,29558.69879274576
2358,22612.048057508167,28582.33651931154,29558.698792637988
2359,22612.048060781402,28582.336520945424,29558.69879265795
2360,29239.56364170486,27393.54460659642,29366.249480155184
2361,29239.563641705252,27446.400318553606,29366.249480168604
2362,29237.294150601276,27446.392609941875,29366.249479929676
2363,29237.29415060142,27446.392615580866,29366.249479922262
2364,29237.294150571768,27446.39261819426,29366.249480825427
2365,29246.543609962646,27448.587851115088,29375.863886856023
2367,29246.543609999295,27448.587854031124,29375.86388597358
2366,29246.543609962628,27448.58785116601,29375.863886873754
2368,29219.23796466987,27442.850717405825,29347.471716677683
2369,29219.237964669777,27442.850718210288,29347.471716623095
2370,29219.237964669832,27442.85071727937,29347.4717166064
2371,29219.23796466982,27442.850717286157,29347.471716634762
2372,29219.237964669897,27419.463293459405,29347.471716680157
2373,29219.237964672666,27419.463286450467,29347.471716803127
2374,29219.23796151936,27419.463290208194,29551.656307801335
2375,28979.855206445332,27394.274766539922,29551.656307639954
2376,28979.85519810651,27394.274764916998,29551.6563076468
2377,28979.855202252387,27394.274762667974,29551.656307601836
2379,28980.152050333,27394.825682000795,29551.65630756395
2378,28979.85520225238,27394.274772582,29551.656307592468
2381,28980.152050096716,27371.68603815155,29551.656307095134
2380,28980.152050331562,27371.68604611126,29551.65630712932
2382,28980.1520508408,27371.686031700665,29551.656307375837
2383,28980.1520508408,27371.686031700665,29551.656307375837
2384,28980.152050583827,27388.998493809653,29551.656307379126
2385,28980.16640888604,27388.999888818318,29551.65630746349
2386,28980.216768288585,27389.047365393806,29551.656307433113
2387,28980.21677125715,27389.04736310853,29551.656307453937
2388,28974.15438997305,27389.04262123915,29551.656307147292
2389,28974.154390714004,26943.945335004202,29551.65630719933
2390,28974.154390043248,26943.94533261314,29565.27765026681
2391,28974.154392033175,20932.934825974124,29565.2776502555
2392,28974.154392033222,20932.93482390733,29565.27765025419
2394,28974.154391865683,20713.538213300766,29565.27765027144
2393,28974.154392033117,20932.93480732589,29565.277650269352
2395,28974.15439094531,1012.9678797777976,29565.27765026378
2396,28986.421569763545,1013.2796803990058,29565.27765050705
2397,28986.720697248886,1013.2796817259755,29565.277650717217
2398,28986.720697791054,24960.391084640374,29565.277650716864
2400,28986.741383122506,24478.745298221158,29565.277650662767
2399,28986.741383207453,24960.40158399837,29565.277650723227
2401,28986.741383218974,24478.745289266655,29565.27765072489
2402,28986.741383218967,24478.745295409288,29565.277650722728
2403,28954.535275450948,24476.23503106746,29525.89631279693
2404,28954.53527459698,26446.0780090163,29525.89631283902
2405,28954.535274596958,26446.07801210261,29525.896312801175
2406,28954.361285174615,26445.814246630856,29525.89631318061
2407,28954.36128517476,26445.814241467066,29525.896313207657
2408,28954.106122830395,26445.430281133402,29525.896313431145
2409,28954.106122830468,26445.430279171607,29525.896313440702
2410,28954.106122354053,26762.689208230848,29525.89631340992
2411,28954.10612308264,26751.523017403077,29525.89631345251
2412,28954.106128281423,26751.523016164996,29525.896313350484
2413,28954.106128281448,26751.523016155894,29525.896313350084
2415,28947.229958521086,26751.161351481886,29515.195544217313
2414,28983.664733716047,26752.57263778545,29563.228742109204
2416,27594.937578798745,26750.88247701616,29515.19554562515
2417,27594.937582453887,26750.882486244212,29515.19554563048
2419,28410.306250089972,28832.05815309006,29597.46136011795
2418,27458.406620289737,26750.866730671205,29515.195544043156
2420,28410.306251127,28811.297211012352,29597.46136009328
2421,28410.29947670167,28811.2845696164,29597.461360094512
2422,28359.771255427153,28805.53157894239,29573.378880376193
2423,28359.771255225234,28259.932925763882,29573.378880354245
2424,28359.771255287513,28287.432975364,29573.378880387234
2425,28359.771255287516,28287.432975363998,29573.37888038723
2427,28359.771255340784,28287.432977341035,29573.378880342585
2426,28359.771255287516,28287.432975363998,29573.37888038723
2428,28359.771255340827,28287.432977340795,29573.37888037706
2429,28359.771255293716,28287.432977183635,29573.378880382494
2430,28359.707764775412,28287.35009384081,29573.378880360226
2431,28263.61993374439,28278.33565852911,29528.093126840056
2432,29022.190495490653,28278.576404468782,29528.093127817534
2433,29022.185741569592,28278.57438081847,29528.093127786975
2434,28996.800263781064,28273.45584132587,29501.921045397154
2435,28996.78592797676,28273.455173793758,29501.921045260064
2436,28996.785927888188,28273.455175525385,29501.921045243696
2437,28997.026723997966,28273.455255996883,29501.92104531989
2438,28997.026723997966,28273.455255996923,29501.92104531986
2440,28997.026724002288,28273.45525601609,29501.921045313054
2439,28997.026723997962,28273.455255996618,29501.921045319606
2441,28997.02672372169,28235.26184321666,29501.92104524611
2442,28997.02672276042,28235.26183909705,29501.921045225994
2443,28997.02672314389,28235.261839463306,29501.921045250005
2444,28512.91212300924,28169.153701996296,29501.921045176066
2445,28512.912123037146,28169.153704728007,29501.92104506108
2446,28512.91212303708,28169.15370470305,29501.921045056813
2447,28512.912123037044,28169.153704693843,29501.921045044903
2448,28512.91212299913,28169.15370435323,29501.921045250616
2449,28512.91212295705,28164.020465890266,29501.921045139337
2450,28512.912118431123,28164.02046351914,29501.921045217223
2451,28512.912121235197,28197.607477805373,29501.921045232
2452,28512.912119922094,28197.60747832028,29501.921043932984
2453,28512.91211992216,28197.607478321122,29501.92104394271
2454,28512.912121562487,28197.607476930207,29501.921044842446
2455,28512.912121562484,28197.607476929516,29501.921044850307
2456,28512.916687445075,28197.607596432736,29501.921044858704
2458,28409.571834769267,28455.496335520234,29423.49892847457
2457,28512.916688044264,28470.437280773043,29501.921044833187
2459,28409.571832271,28540.03322604887,29423.498928404024
2460,28407.85958864323,28540.032809132234,29423.498928650184
2462,28366.460244898764,28540.030329245033,29240.687121250034
2463,28366.460244901064,28540.030329244066,29240.687121267
2461,28366.460244530965,28540.03033194708,29423.49892863024
2464,28380.14162346954,28553.382369709732,29240.687121468967
2465,28380.141623148724,28449.986291551428,29240.68712125266
2469,28380.141612432904,27657.13911972929,29240.687121021863
2466,28380.14162301895,28449.986291362842,29240.687121291892
2467,28380.14162301895,28449.986291362842,29240.687121291892
2468,28380.14161508333,27662.94859823134,29240.687121211275
2471,28235.113546057386,27656.069699763895,29062.49841935624
2472,28235.113545885586,27672.161897810016,29062.498419245858
2473,28235.21377732745,27672.162278172054,29062.49841926847
2470,28430.696352554907,27657.14182711101,29240.687122003008
2474,28235.213777678946,27672.162278323485,29062.498419342595
2475,28235.21377767897,27672.16227832351,29062.49841922504
2476,28235.21377755967,27474.282130986416,29062.49841969023
2477,28235.21377747891,27474.28212928494,29127.578300938592
2479,28986.31259716712,27232.695298907798,29529.55987034508
2478,28986.31259716718,27232.695295296362,29529.559870335586
2480,28951.51199083894,27226.191780983183,29500.217575917904
2482,28951.511990838528,27274.071493366773,29500.217576141273
2481,28951.5119911577,27274.071493296782,29500.21757627641
2483,28951.511990785453,27274.009079126074,29500.21757622411
2484,28951.511990832034,27276.125334897504,29500.21757621654
2485,28951.511990780535,27136.00646211608,29500.217575676645
2487,28986.660188371246,27140.68676299703,29526.041660051495
2486,28986.66018837091,27140.68676108951,29526.04166000838
2491,28986.657614003758,27140.59641013873,29526.04166006157
2488,28986.660188382753,27140.686750633253,29526.041660020215
2490,28986.65476888016,27140.584144871147,29526.041660036062
2489,28986.66018838281,27140.686750680605,29526.041660020222
2492,28986.65761400375,27140.596410123373,29526.041660041912
2493,28986.65761399446,27140.596417671964,29526.041660046183
2494,28986.657613994503,27140.59641836958,29526.04166001739
2495,28986.657613988747,27134.41880672474,29526.04166004362
2496,28986.657614040454,27134.41880536228,29526.041660004077
2497,28986.657614040836,28438.685481453493,29526.04166006959
2498,28958.658419697244,28433.758218726394,29502.640383241764
2499,28959.803050709197,28433.758287509707,29502.64038339837
2500,28959.803050709594,28433.758287510453,29502.64038332507
2501,28959.803050709474,28433.758287510296,29502.640383369282
2502,27676.01128588688,28433.740265312954,29502.64038357761
2503,27721.434717190303,28436.45418341204,29515.568828275944
2504,27744.07134393316,28436.454217718783,29515.568828154974
2505,27773.529126252266,28436.454466424486,29515.56882816488
2506,27773.529126252266,28436.454466424486,29515.568828164876
2507,27773.529133101743,28436.45447083173,29515.568828145475
2508,27773.529133101736,28436.454470831763,29515.56882814553
2509,27773.529135021414,28436.454470214696,29533.915141427624
2510,27773.52913230341,28436.454470212495,29533.91514146413
2511,27773.52913578438,26791.667606628253,29533.91514136198
2512,27763.66962922461,26791.667240289768,29533.915141392856
2513,27763.66962732669,26791.667243664993,29533.9151414434
2515,27763.669625072587,26791.667249971237,29533.91514135212
2514,27763.669628672586,26791.667245455847,29533.915141382622
2516,27801.323971599028,26794.106826238138,29533.91514140407
2518,27801.45144984537,26794.139470558515,29533.915140967576
2517,27801.32397543373,26794.106824215247,29533.915141404144
2519,28823.561591218182,26827.68579126422,29533.915141146113
2520,28823.561591832255,26827.685794311954,28371.330386719572
2523,28823.403106319107,26827.654802554163,28371.33038577588
2521,28823.44327623965,26827.658188044676,28371.33038936466
2522,28823.44327623965,26827.658188044676,28371.33038936466
2524,28779.5495135,26822.496971547407,28290.322251871865
2525,28779.5495136379,26822.49697734788,28290.32225123405
2527,28779.549513546925,26872.685452526137,28290.322250685876
2526,28779.54951356651,26840.256867525783,28290.32225145962
2529,28779.5495117679,26872.685448879245,28290.32225012384
2528,28779.549513546124,26872.6854523824,28290.322250685866
2531,28779.5495121215,27931.828609741046,28290.322250433743
2530,28779.54951175928,26872.685448880507,28290.322250123852
2532,28779.56165531368,27931.828660887637,28290.322249907927
2533,28779.561655325797,27835.542266374498,28290.322249962905
2534,28779.56165529482,27866.28992141688,28290.32224956179
2535,28779.561651975004,27866.289921891064,28290.322250212546
2537,29070.922650956898,28232.48979082977,29312.02763567707
2538,29070.922650956833,28232.48979082977,29312.027635710037
2539,29070.92265095599,28232.48978389595,29312.02763568479
2536,28779.561649772793,27828.039104080366,28290.322250214238
2540,29107.328022751586,28238.819951499245,29355.911412467012
2541,29107.328022751593,28238.81995149921,29355.9114124419
2543,29107.140100367207,28754.937320325913,29355.911413804133
2542,29107.32802252395,28754.960704129866,29355.911412829162
2544,29107.140102304424,28661.047020443806,29355.911412887785
2545,29107.140100001823,28702.296088382278,29355.91141361092
2547,29107.140102300404,27463.574537938057,29355.911412510453
2546,29107.140100339093,27524.859072479623,29355.911413237445
2548,29106.16831414632,27463.574498334863,29355.911412695757
2549,29106.168314146285,27463.574498334332,29355.911412708563
2551,29106.168314136925,27463.574494972083,29355.911412690242
2550,29106.168314136994,27463.574494975168,29355.911412709484
2552,29106.08605247708,27463.57447218723,29355.911412701807
2553,29070.2383431386,27462.809481744793,29315.22059210555
2555,29070.23834313857,27462.80949004479,29315.22059207534
2554,29070.238343138546,27462.809490044943,29315.22059214024
2556,29070.238343138626,27462.809488706782,29315.220592127942
2557,29070.238343138535,27462.809488738018,29315.220592101185
2558,29070.23834313857,27462.809471681932,29315.220592117377
2559,29070.23834545468,27465.227020566603,29315.220591919766
2560,29065.908265591574,27465.224048366414,29315.22059221746
2562,29065.89790104175,27465.224147702225,29315.220592219594
2561,29065.919056727682,27465.22461671571,29315.220592217316
2563,29065.897901041735,27465.22414770414,29315.220592220292
2564,29109.438094143286,27466.227918971825,29363.7056214724
2566,29109.408600294206,27466.219819371632,29363.705621518016
2565,29109.40860029419,27466.219819371632,29363.705621518013
2567,29135.865474281178,27466.737528703572,29387.396326782517
2568,29135.86547428119,27466.73753022351,29387.396326782866
2569,29135.865474229708,27466.737531279505,29387.396326781593
2570,29135.865474624832,27545.227071955316,29387.396325953367
2571,29135.86547462609,27545.22707180248,29387.39632596056
2572,29135.865474619986,27697.850565611658,29387.39632613602
2573,29135.865474619986,27697.850565611658,29387.39632613602
2574,29135.865474082097,27691.923212676098,29387.39632591663
2575,29135.865474082188,27691.923197144555,29387.39632593818
2577,28474.926089578206,27691.637714577602,29387.39632639668
2576,29135.865474081846,27691.9231961622,29387.3963259332
2578,28474.926091832822,27650.937288648864,29387.3963261565
2579,28474.92609195466,27650.93728365095,29580.369866475958
2580,28497.73422483103,27650.94448192442,29580.36986660573
2581,28497.73422555177,27760.410112721533,29580.369866723093
2582,26045.77585520778,27757.156265245336,29580.36986669417
2583,26045.775855662258,27757.156265245332,29580.36986671851
2584,26098.672877010235,27757.345321801487,29592.437285130723
2585,26098.672876142613,27757.345325907387,29592.437285157328
2586,26098.67287613436,27757.345325905488,29592.43728516269
2587,26001.475324450985,27754.964189447543,29592.43728481914
2588,26001.475323633305,22411.887911673195,29592.43728481654
2589,26001.200979696125,22411.870221031102,29592.437284766667
2590,26001.200979316007,527.6023723858469,29592.437284790467
2592,26001.200981209484,527.6023724875761,29580.751893646397
2591,26001.20097979498,527.6023724346346,29580.75189364068
2593,25936.896588573243,527.6023596318523,29580.751893856796
2596,710.9079890658788,25212.4694605722,29585.682974257794
2595,25936.896542080038,527.6023597006697,29580.75189354857
2594,25936.896587647443,527.6023596516181,29580.751893860994
2597,710.9079890660901,25212.46947022749,29585.682974257055
2598,710.9079890811743,25212.469457991643,29585.68297450562
2599,710.9079890494355,25257.03007084914,29585.682974502226
2600,710.9079890494573,25257.030087915413,29585.682974500112
2601,710.9079890623279,25033.06127804594,29585.682974504725
2603,702.8227373343173,25033.05678243092,29585.68297448774
2602,710.9079890806415,25033.06124703634,29585.68297451813
2604,702.8227372898946,25033.056765146754,29585.682974486335
2605,702.8227373319553,27592.27504429934,29585.68297450359
2608,702.832593111674,27443.61192569896,29585.682974312833
2606,702.8325930980703,27592.772238640184,29585.682974635885
2607,702.8325931072751,27592.772234853524,29585.682974294723
2609,702.8325930856525,27443.611926946498,29585.682974274103
2610,702.2184403598482,27398.4061979464,29585.682973795545
2611,702.2184403663,28228.064832933138,29585.682973813844
2612,27426.064226958595,28245.029711209052,29585.682974405056
2614,27426.064227522056,28002.24739848429,29585.68297443821
2613,27426.064226742637,28002.247396048388,29585.682974401567
2615,27426.06422674708,28002.247382519454,29585.682974414005
2616,27426.064226919396,28095.29993960951,29585.682974373125
2617,27426.064227744508,28095.299946721367,29585.68297413065
2619,27441.710399425225,28095.307209878578,29585.68297426179
2618,27441.71039947617,28095.307204660396,29585.682974279116
2620,27441.71040010436,28187.99447088921,29585.682974278086
2621,27441.713383005987,28187.994570215593,29585.68297427587
2622,27441.713390712877,28364.827635612775,29585.68297449812
2623,27441.713384442763,28364.827638339033,29597.755941398776
2624,27441.63323323571,28364.709055548847,29597.75594161894
2625,27441.633234281126,28364.208547896775,29597.755941672378
2626,27441.63323717295,28364.208547912836,29597.75594164159
2627,27441.66806621477,28364.209462501574,29597.755941604715
2629,27441.668062713874,28364.209462645413,29597.75594123734
2628,27441.668051232005,28364.209462502797,29597.755941628144
2630,27441.668061762673,28364.209462645464,29597.755941204632
2631,27441.752377991732,28364.35239935152,29597.75594135977
2632,27542.395918331822,28367.02051531495,29614.874957747597
2633,27542.35701617819,28367.020515068012,29614.87495775104
2634,27508.320794178053,28365.191181775444,29605.921661355107
2635,27508.320789156278,28365.19118188491,29423.67348825986
2636,27508.320790468926,28365.19118228769,29423.67348825492
2637,27508.320791233215,28365.19118241449,29423.673488254808
2638,27508.320791233215,28365.19118241449,29423.673488254808
2640,27508.320789925856,28365.191177528053,29423.673488263667
2639,27508.320789885638,28365.19117752804,29423.673488250133
2641,27409.838317952042,28361.967561524536,29407.781365142662
2642,27409.838317952046,28361.967561524558,29407.781365143266
2644,27409.838325300916,28362.914736870927,29407.78136514943
2643,27409.838325861238,28361.96756125251,29407.781365138646
2645,27409.83832491187,29020.674291331834,29407.781365860865
2646,27409.83832299789,29020.674291331867,29407.781365853072
2647,27409.838324510776,29013.965016217895,29407.78136586374
2648,27409.45290197889,29013.965015045604,29407.781365854084
2649,27274.43723154254,29007.972551452825,29380.965867713116
2650,27274.437236996466,29007.97255145275,29380.96586771909
2651,27274.437237372716,29007.972551453175,29380.965867721105
2652,27088.660170712228,28999.969774865735,29341.58460699214
2653,27088.848869259968,28999.97109486071,29341.584607031116
2655,28764.021929553383,644.2814728811716,29335.79788062942
2654,28812.61231360184,29000.01049368009,29341.584607017056
2656,28780.246787554068,644.2823906771935,29335.797880871418
2657,28761.629313659378,641.5718926568115,29335.797881486244
2659,28761.62931367229,641.5718926959769,29335.797881379574
2658,28761.62931367228,641.5718926959762,29335.797881459795
2661,28719.66179796894,641.4449646400966,29292.143940170594
2660,28709.24855715777,641.4444351153678,29292.143940563157
2662,28719.661797966568,641.4449644951277,29292.14394011027
2663,28719.661796995963,641.4449645938518,29292.14394004899
2664,28719.661797753706,636.8590899878661,29292.143938172474
2665,28719.661797753655,636.8590899872845,29292.143938163506
2667,28719.98964860283,636.8641122454653,29292.14393961295
2666,28719.661796996814,636.8590898503895,29292.143939629215
2668,28719.9896498634,636.8641122015897,29338.585899475558
2669,28719.989649240757,638.2727010912481,29338.58589947978
2670,28719.98964714724,638.2727011876209,29338.58589950969
2671,28719.989647158356,652.5336541603018,29338.585899492493
2672,25152.57836352845,652.4433867056816,29338.585898959696
2674,25152.578362004562,652.4433868259255,29338.585899672187
2673,25152.578356219572,652.4433868341778,29338.58589968259
2675,25152.578415391596,652.4433869061397,29500.89934929974
2676,25152.57838352181,652.4433869825316,29500.89934882465
2678,25329.264830162258,650.2579531212231,29527.154503954327
2677,25329.264853509005,652.5223802341332,29527.15450397192
2679,25329.264823414545,654.1679457949086,29527.154503956477
2681,25329.264880153336,654.1679457464217,29527.15450397945
2680,25329.26482790098,654.1679457773497,29527.154503927006
2682,25329.26487488763,455.4932952772411,29527.154503952217
2683,25329.26487717227,526.7252827128507,29527.15450406393
2685,25327.94657581652,526.719327307948,29527.154504085123
2684,25327.94657212869,526.71932744293,29527.154504075083
2686,25327.946574093978,528.6859234842798,29527.154504103666
2687,25327.946574093978,528.6859234842798,29527.154504103666
2688,25327.94657569124,529.3125594708621,29527.15450407795
2689,25327.94657319152,529.312558584151,29527.154504077986
2690,25369.854326704226,529.3133820215004,29527.15450409506
2691,25369.854327253594,22523.822775117816,29527.154504048136
2693,25369.854326551715,22487.781850851323,29527.15450405104
2692,25369.854326716617,22523.822782904852,29527.154504041948
2694,28353.113591667523,22518.577729067485,29527.154503989746
2695,28353.11359166756,22518.577700739326,29527.154503998492
2697,28353.113593997972,22518.57761419076,29527.154503921087
2696,28353.113594696963,22518.57773888331,29527.1545040037
2699,28353.264000793453,22518.829449294313,29527.15450395165
2698,28353.113598307318,22518.57772950765,29527.15450391988
2700,28353.065678119136,22518.18917459846,29527.15450393017
2701,28181.801260306678,22505.950550510755,29424.725272414056
2703,27817.11412633537,22483.901549146147,29139.120039768473
2702,27817.114126920584,22483.9015363406,29139.120039452566
2704,27817.114126394394,22483.90153546807,29139.120039795114
2705,27817.114126621833,22589.412726193597,29139.120039766727
2706,27817.763520338365,22589.56448262046,29139.120039773592
2707,27812.41371228731,22589.42626354993,29139.1200397298
2708,27812.413712287445,22589.426351987713,29139.120039737943
2709,27812.413715102753,27773.152378949366,29139.120036979286
2711,27819.67483629487,27773.154851536336,29139.12003693448
2710,27819.67483720356,27773.154851141688,29139.120037030258
2712,28166.145992306,27798.532082701036,29413.986902514756
2713,28166.146000165914,27798.532084075363,29413.98690255031
2714,27370.73586863008,25545.72904234537,29340.073179632607
2715,27370.735869010256,25545.72904341003,29385.073085161188
2716,27370.735868947908,25488.669709182035,29385.073085080112
2717,27370.75129977323,25488.672314606392,29385.073085077704
2719,27370.74422641876,25398.356025829547,29385.073085418437
2718,27370.744226694107,25488.672004843524,29385.0730850828
2720,27370.744226595838,25398.35603743475,29385.073085427382
2721,27370.744227163254,25398.35602788017,29385.0730854223
2722,694.3179430751329,25387.808869030996,29385.073085743534
2723,684.0744213392618,25387.61578544174,29373.093909234303
2724,684.0744213226335,25012.637931108613,29373.093909106934
2725,684.0744213225823,25012.637933126854,29373.0939091026
2726,657.261619122567,25011.03631311348,29343.682266503194
2727,657.2616191228404,25011.036312933982,29343.68226650048
2728,664.9271360636385,25011.036545722272,29343.682266407435
2729,664.9271360800519,25011.03646481751,29343.68226639809
2730,664.9271360663297,25011.036582515168,29343.682266513002
2731,664.9271360630453,25011.036576206196,29343.6822661139
2733,662.2823192591873,25010.96765731348,29343.682266133226
2732,662.2900064328136,25011.036479985447,29343.682266113046
2734,662.2823192573164,25010.96753535879,29343.682266123054
2735,28056.722564332675,25011.472978263664,29343.682264673516
2736,28148.57802431293,25013.47110563912,29379.247729066352
2737,28148.578026070736,27797.012280144147,29379.247730158582
2738,28148.578024029397,28030.079627429768,29379.24772981102
2739,28148.57802616296,28030.07963011459,29379.24772981149
2740,28176.60702550389,28032.89662759025,29379.247731227682
2741,28176.607025736812,28099.394987866093,29379.247731557407
2742,28176.77312461156,28099.413373705866,29379.247731601652
2743,28084.567644804483,28095.27550561127,29337.596109003764
2744,28084.567644813284,27175.75975500585,29337.59610946526
2745,28084.567644668587,27089.29157877665,29337.596109269947
2746,28084.56764452006,14389.762888952911,29337.59610854988
2747,28084.567644599956,14335.663196441119,29337.59610875944
2748,28084.567644599952,14335.663233236388,29337.596108759437
2750,28084.56764486453,14335.663154014275,29337.59610877109
2749,28084.56764460102,14335.663286504485,29337.596108792754
2752,28084.56764576889,27883.20072658766,29337.596109093167
2751,28084.56764486453,14335.663154014275,29337.59610877109
2753,28084.567646432024,27883.200724880906,29518.333218186297
2754,28084.56764631621,27783.787491319246,29518.333218175743
2755,28084.567646277184,27783.787491560724,29518.333218177322
2756,28084.420291643215,27783.767532373236,29518.333218184496
2758,28084.42029102653,27783.76752817457,29518.333218317806
2759,28084.420286343564,27783.767524847983,29518.333217854677
2757,28084.42029102736,27783.76752817641,29518.333218323583
2760,28109.248606132143,27783.780784342227,29518.33321669297
2763,28014.456764004408,27774.01997256509,29446.917718209173
2761,28108.7094218193,27783.461715429155,29518.33321563864
2762,28014.4567640046,27774.019972566413,29446.917718209836
2764,28014.456764004182,27774.019972565366,29446.91771820915
2766,28014.4567646622,27774.019976494543,29446.917718197452
2765,28014.456764661903,27774.019976493702,29446.917718196517
2767,28014.45676166499,27561.16885548875,29446.917717840533
2768,28014.45676653235,27561.168857025117,29446.917719022997
2769,28014.45676481721,27561.168856869277,29446.917718884124
2770,28014.456755419524,27561.16885458386,29446.91771832736
2771,28014.45675541978,27561.16885458587,29446.91771833561
2772,28118.598506856826,27561.271786685757,29446.91771887284
2773,28000.253849746623,28687.070040008715,27831.50295577753
2774,28000.234775879253,28687.066554110297,27831.502955778058
2776,28007.09406129091,28720.031032607687,27831.502955436405
2775,28007.0940612916,28720.031032607712,27831.50295543667
2777,28007.094077490863,28720.03103260926,27831.502957469384
2779,28006.965304101854,28718.633602960545,27831.502957585508
2778,28007.09407751714,28720.031032031642,27831.50295749728
2780,28006.965304364618,28718.633605714895,27831.502957601628
2782,28158.950695306186,28718.97255693325,27831.50295677108
2784,28159.431679353445,28714.598881712634,27831.50295794292
2781,28058.111017768875,28718.73254324072,27831.502957878518
2783,28159.43167888682,28720.120863911205,27831.50295794857
2786,678.8104724848729,28709.41860801435,27831.502940778955
2785,678.8104724845824,28709.418609791766,27831.50293883973
2787,708.6357218348721,28718.587721048723,28002.69168952445
2788,708.6357218444327,28718.58771776486,28002.691676330476
2790,27335.857613349326,28754.081350640106,28002.691691098087
2789,708.6357218094106,28718.587718505478,28002.691691400098
2792,27147.197417698502,28748.846062221382,27869.950285305757
2791,27147.197417994958,28748.846062334436,27869.950285793937
2795,27147.197416825486,27283.26048555698,27869.95028583921
2794,27147.197416968207,28748.84606238183,27869.950285902974
2793,27147.197417698284,28748.84606229906,27869.950285305746
2797,27135.84129393445,27283.25738505451,27869.95028666331
2796,27147.197416912,27283.260489239652,27869.950285193292
2800,27135.440993161625,26679.34728651335,27869.95028702705
2798,27135.440993036886,27282.416213016593,27869.950286856827
2799,27135.440993030497,26769.165832498817,27869.95028746812
2801,27135.440991220108,26679.347301934038,29479.780274445617
2804,27135.440993193573,25731.41085294976,29479.780274630455
2802,27135.440991085256,26679.347293582712,29479.780274092533
2805,27135.44099359973,25731.41085368319,29479.78027462933
2803,27135.440991606873,25731.41084707228,29479.78027408632
2807,27135.4409929623,27109.804678694156,29479.7802746156
2806,27135.44099359973,25731.41085368319,29479.78027462933
2808,27135.440993218064,27109.80467855269,29479.780274659992
2809,27135.464349359892,27109.80590513361,29479.780274654808
2813,27228.48494604791,25366.171837800575,29499.361981591806
2810,27135.46435001168,27261.79859929163,29479.78027459843
2812,27228.48494662129,25366.17179063068,29499.361981578368
2811,27135.46434914004,25364.841063840744,29479.780274617886
2816,27245.252854749186,25037.527203520276,29502.78311543285
2815,27380.37754556666,25041.07421181321,29532.23576176867
2814,27228.484946267723,25037.17390839504,29499.361981505237
2817,27245.660822527865,25037.527210029955,29502.78311621951
2819,27245.660821815036,25133.5080600992,29502.783116254483
2818,27245.66082254872,25037.527166697735,29502.783116243903
2821,27245.66082308108,25117.001283607256,29502.78311632013
2820,27245.660822099482,25133.508046391547,29502.78311621639
2822,27245.66082098988,25117.001195878365,29483.580239040402
2825,27245.660821115853,25463.216394502808,29483.580238700837
2824,27245.660820620215,25117.00119761037,29483.580238695577
2823,27245.66082079515,25117.00123645998,29483.580239068095
2826,27245.66082107144,25463.216389877245,29483.58023868066
2827,27245.660820959853,25223.473349113803,29483.580238713133
2828,27245.748587103062,25223.476218853386,29483.580238686216
2829,27245.74858710306,25223.476220082215,29483.580238686212
2830,27245.74858706283,25223.476231629327,29483.580238689734
2831,27245.74858743616,25223.4762145129,29483.58023868041
2832,28966.694266798782,29006.705063794514,26653.928405945757
2833,28987.796868487236,29060.796987431102,26653.92840649914
2835,28987.796864548007,28656.504168587562,26653.928397091768
2834,28987.796864547116,28656.50416941204,26653.92840502034
2837,27742.40543452349,28654.869229782427,26653.92840536656
2838,27742.40544262949,28442.450811353076,26653.928404736987
2836,28987.79686478793,28656.504169484673,26653.9283973457
2839,27742.102444189273,28442.45075493508,26653.928404488848
2840,27742.102454460924,28361.79070265005,26653.928405393286
2841,28805.229911859056,28365.830505318998,26653.92839564153
2842,28805.229912144918,28365.83050562327,26653.92837141629
2843,28788.479520892302,28365.767769716185,26653.928376870717
2844,28788.47952089244,28365.767769715334,26653.928388223772
2847,28788.456690843293,26968.07267408116,28019.608512542516
2848,28788.456690843293,26968.07267408116,28019.608512542516
2845,28788.479521339013,28365.767772444793,28019.608521288374
2846,28788.456694550914,28364.658983310725,28019.608519635723
2849,28788.456694544548,27017.016292923567,28019.608512121024
2851,28738.117850432245,26918.411831050536,27919.130879731005
2850,28788.456694777065,26923.61015695164,28019.608511969098
2852,28738.117850432245,26918.411831050536,27919.130879731005
2854,28738.117847712172,26918.41183046827,27919.130879650947
2853,28738.117847712176,26918.411830468292,27919.130879650933
2855,28738.117847712172,26918.41183046827,27919.130879650947
2856,28738.117847712187,26918.41183046827,27919.13087965094
2858,28738.117845324763,26918.41182854536,29490.37831297372
2859,28738.117845325516,26918.411818204935,29490.378312923218
2857,28738.11784586548,26918.41183331329,29490.37831295825
2860,28738.11635818767,26918.39591622939,29490.37831296127
2861,28738.116358187628,26918.395918441303,29490.378312955392
2862,28738.116358185624,26917.402115119818,29490.37831295565
2863,28738.11635842487,26917.40212824699,29490.378312988432
2866,28644.795203742342,26910.235797571488,29434.87680601321
2864,28644.792084242617,26910.215294403868,29434.876805985732
2865,28644.792084242577,26910.215294602585,29434.87680597706
2867,28644.795203742367,26910.2357973725,29434.876806022858
2869,28664.19986419499,26895.143112541013,29434.876806682805
2870,28664.199867470532,27149.11969173922,29434.87680609888
2868,28664.19987011989,26910.26335485131,29434.876805970467
2871,28663.90215155814,27149.07454408368,29434.876805628715
2872,28708.193201591053,27153.416336563005,29465.581499214935
2873,28708.19320158227,27156.565397602404,29465.581499206626
2874,28789.742705333025,27165.628239581503,29519.173645660343
2875,28789.74054624358,27165.624762070867,29519.17364567975
2876,28789.740548794078,27165.624764463126,29519.173645724575
2878,28789.73206545205,27165.623125399503,29519.1736456703
2877,28789.732065350865,27165.6231249005,29519.17364567701
2879,28789.73206797695,22953.28613625053,29519.17364562609
2880,28789.732067976962,22951.843189743075,29519.1736456261
2881,28789.732067976962,22951.843189743075,29519.1736456261
2882,28789.732066547083,23168.269917761423,29519.173646121366
2883,28789.73206183542,23168.269922286687,29519.173646163283
2884,28728.116023860977,23160.80899968397,29477.89457611949
2885,28728.116023860952,23160.80900071976,29477.894576120434
2886,28728.116023860814,23160.809006929132,29477.894576123654
2887,28723.70446414665,23160.80347105077,29477.89457622709
2888,28723.70446414665,23160.80347105077,29477.89457622709
2889,28723.70446430656,23160.8034739938,29477.894576183815
2891,28847.649319572774,27839.270067713514,29504.54339868086
2890,28723.704463886315,23160.80347928482,29477.89457619966
2893,28847.649323604703,27839.270072718973,28274.286585212216
2892,28847.649319131866,27839.27006470764,29504.54339864099
2894,28847.474815007707,27838.81496677297,28274.286584342106
2895,28821.34960661785,27838.728889308863,28274.286580769152
2896,28039.147383374708,27806.40046862755,28274.28658139844
2897,28039.147382965475,27806.400468330525,28274.28657695282
2898,28039.147382308827,27806.40046777218,28274.2865757088
2899,28039.1473831221,27806.40046828598,28274.286584366168
2900,28039.14738312133,27806.40046821095,28274.286584819412
2901,28039.14738299531,28914.396584369504,28274.286584448004
2902,28039.14738299537,28914.396584374168,28274.286584448055
2903,28039.147383144395,28352.12629862479,28274.28658431128
2904,28045.09316106644,28393.30056044832,28274.28658560159
2905,28045.09316117052,28393.300560113756,28274.28658567529
2906,28045.09316095172,28344.12909044135,28274.28658568507
2907,661.0538551452556,28338.71126325535,28274.286583320958
2908,661.0538551158295,28345.295860883787,28274.286583187648
2909,661.0538551177679,28345.295863988602,28274.286583144265
2910,661.0538551168361,28345.2958639882,28274.286583146044
2911,661.0567486685063,28345.944276346898,28274.286583699188
2912,661.0567486677598,27047.378690170357,28274.286575961814
2913,661.056748670287,27065.12905993866,28274.286568310246
2914,661.0567486682007,27125.890547909752,28274.28657337703
2915,661.0567486682007,27125.890547909752,28274.28657337703
2916,661.0567486680297,27125.890547910934,28274.286573381385
2917,661.0479186930828,27125.826771907094,28274.286573529396
2918,661.0479186942249,27125.82677241861,28274.286573963123
2919,661.0479187092878,27125.82677250138,28274.286565821974
2920,661.0479187094012,27125.82677248211,28274.28656583537
2922,660.9602992347563,27132.143783835127,28274.28657273527
2921,661.0479186895761,27132.143788872014,28274.28657273534
2923,616.8133614568644,27122.417769661777,28084.83048498927
2924,616.0915177767797,27122.4174015068,28084.830472336656
2926,655.036910304369,27231.824010354238,28256.110621491505
2925,616.09151781526,27222.10083595515,28084.83047127387
2927,655.0310270677096,27231.821008586896,28256.11062152988
2928,655.0310269645331,27231.8210077836,28256.11062587821
2930,655.031026930824,27229.306233055042,28256.110630304014
2931,662.1227002942713,27229.306561421003,28256.11063281578
2929,655.0310269315322,27229.30623389786,28256.110630304327
2932,662.1227002768488,27229.306561233345,28256.110637047255
2933,662.1227003198264,27229.306561668043,28256.110635373327
2934,662.1227003198562,27229.306561807647,28256.11063537329
2935,662.1227003143135,27229.306557775606,27360.103405335314
2936,662.1227003593929,27273.133306927106,27360.103404022317
2937,632.5540064545553,27269.54811525246,27123.92206541707
2938,632.554006454207,27269.54811533665,27123.922065683724
2939,632.5570155949201,27269.854814420083,27123.92206585862
2940,632.5570155952774,27269.854814489296,27123.922065677812
2941,632.5644256116756,27269.8554074892,27123.92206638475
2942,632.5644255923769,25632.65453255789,27123.922065362378
2943,632.5644257665865,25632.654548987364,27123.922068214873
2945,664.7803905911022,25636.69889343139,27376.611783267534
2946,664.780390586591,25606.426360833982,27376.611783376342
2944,664.7803905514179,25636.69888591637,27376.611783814762
2947,664.7803906642492,25606.426367199754,27376.61178348589
2949,676.7247982002511,25608.39511713548,27454.66014983996
2948,676.724798200252,25608.39511841845,27454.66014983957
2950,28929.41243740881,28894.03799495977,29350.51300997728
2953,28270.779012535335,28808.36618197871,29350.51301107328
2952,28929.416933384568,28894.038016188933,29350.513009985007
2951,28929.41243741106,28894.03799495963,29350.513009977793
2954,28270.779013231462,28808.366181983747,29350.513011076022
2956,28273.115388561553,28808.39415927523,29350.513011097337
2955,28272.993782006997,28808.366520841962,29350.51301107741
2957,28273.115388564074,28808.394159275307,29350.51301109078
2958,28230.059415452808,28808.388319633646,29350.51301106646
2959,28232.878459613454,28808.38993396141,29350.513011103154
2960,28232.878459614843,28808.38993396144,29350.513011055224
2961,28232.878466242673,28740.267475510358,29350.51301112325
2962,28232.87846623367,28740.267475510358,29350.513011100957
2963,28232.87846623364,28740.267475510314,29350.513011119598
2964,28232.87846623364,28740.267475510314,29350.513011119598
2966,28233.013860745807,28740.269588708325,29350.513011133076
2965,28232.95143063675,28740.268138382962,29350.51301157663
2968,28265.95097429932,28882.67403329025,29364.351713097836
2967,28265.950970897153,28740.721942290667,29364.351714351957
2970,28227.14293757701,28882.587994256697,29346.612409468442
2971,28250.66106722293,28882.588089458804,29346.612409781854
2972,28250.6610638828,28798.555511887447,29346.61240958564
2969,28265.950974298772,28882.67403329028,29364.351713183274
2973,28250.688562840245,28798.557375629614,29346.61241107614
2974,28250.688562702915,28798.55737562875,29346.61241112944
2975,28250.688554470667,28798.55737281481,29346.612411049588
2977,28250.688554229135,28796.944923280906,29346.612411029222
2976,28250.68855446874,28798.55737281481,29346.612411041737
2978,28250.68855316144,28796.94492328087,29346.61241108362
2981,28178.886731111652,28796.32057439505,29324.449021357315
2979,28250.688561292583,28796.944919611207,29346.6124110008
2982,28203.58674520516,28796.458914289375,29337.458379454965
2980,28233.933652216336,28796.533109353928,29346.61241091536
2983,28203.586745393342,28796.458916240263,29561.948421112473
2984,28203.586745393943,28796.458916240248,29561.9484211269
2985,28203.586745928587,26935.62240153355,29561.94842049358
2986,28203.586742761327,26862.26501943632,29561.948420252746
2987,705.6499951172772,26862.215890770065,29561.948421366003
2990,705.64999514027,26719.699036534406,29561.948421415807
2988,705.6499951131627,26862.215888995535,29561.948421160887
2989,705.6499951345121,26719.699037898303,29561.94842143959
2991,705.6499951478513,26761.03784803282,29561.948421410194
2993,705.6499951643355,15410.756439619796,29561.948421424415
2992,705.6499951583583,19468.867891077763,29561.94842142418
2994,705.6499951642886,15410.75640323301,29561.948421453108
2996,705.6499951419712,15846.403253245193,29561.94842133789
2997,705.6499951467722,15846.403109858473,29561.94842132053
2995,705.6499951436169,15410.75639632081,29561.948421365432
2998,705.6857670999381,15846.4761988241,29561.948421335124
2999,705.6857671391704,26428.938927097926,29561.948421316403
3000,705.6857670856007,26428.938924083996,29561.94842092521
3001,681.0907054598954,26427.30818296367,29528.40552453295
3002,681.0907054391379,26427.308242024978,29528.405524773276
3004,681.0907054553267,26427.30824016261,29528.405524724385
3003,681.0907055174893,26427.30824320524,29528.40552475242
3005,681.0907054690138,26436.43877966525,29528.405524744612
3008,681.0907055137925,26436.43878880987,29542.55490990714
3006,681.0907054456347,26436.438780754957,29528.405525087517
3007,681.0907054456347,26436.43878075495,29528.405525087517
3009,27330.901169913242,28299.10525547352,29560.62370004291
3011,27330.901162099588,26684.680268245676,29560.623699758486
3010,27330.90115705677,26684.680268697237,29560.623699775093
3012,27330.94580293858,26684.68063749486,29560.62369974829
3014,27330.94270871346,26684.680571047385,29371.66038624355
3013,27330.94271809754,26684.68056949911,29560.623699766053
3015,27330.94270871346,26684.680571047385,29371.66038624355
3016,27330.942680932607,26684.680570870994,29371.660386238895
3018,28878.173938636537,27398.616410890332,29371.660387014887
3017,28878.173933759455,26684.689047412357,29371.660386109055
3019,28878.173938671942,27398.616402388812,29371.660386435466
3022,28878.173936237148,27395.654482202666,29371.660385948227
3021,28878.173936846768,27394.280515154962,29371.66038715255
3020,28878.1739385993,27398.616400857794,29371.66038643338
3023,28870.3890709515,27395.652789919874,29371.660385945186
3024,28813.29538208941,27390.74051116817,29338.956008102396
3025,28813.295381271462,27394.18016954194,29338.956008452235
3026,28813.25132597631,27394.17972746629,29338.956008439225
3027,28863.917109721973,27399.243112948265,29370.337213525876
3028,28863.91711210933,27399.243114733556,29370.337213535822
3029,28882.090001626097,27401.37732147216,29381.384226397364
3030,28882.08999900081,27401.37731076038,29381.38422678441
3031,28882.226750871254,27401.438135543845,29381.38422677527
3032,28882.226750871272,27401.438135536686,29381.3842267637
3033,28882.226752837734,27397.341405408046,29381.384225541322
3034,28882.226752837756,27397.341405408057,29381.38422554099
3035,28874.871741731607,27397.340976227664,29381.38422675553
3036,28874.871739470982,27397.340960736656,29336.226876577923
3038,28905.27659745748,27413.13385031194,29353.84680793636
3037,28874.871739814538,27409.82671109146,29336.22687739651
3039,28864.98719899381,27408.284815720694,29329.14574118448
3040,28864.987198993775,27408.284831619505,29329.1457411909
3041,28864.987198993764,27408.284831619505,29329.14574119091
3043,28867.568247038736,28899.005933077817,29329.145741392807
3042,28867.56824040795,27419.32107631991,29329.1457417661
3044,28867.56824703878,28899.005933088236,29329.145741291017
3046,28867.575108460293,28899.00685884853,29329.145741366534
3045,28867.568247038776,28899.005933079625,29329.145741309134
3047,28867.56427030939,28898.879222178337,29329.145741862692
3048,28867.56427030937,28898.879222179203,29329.145741880722
3049,28867.564270309394,28898.879222176856,29329.145741836408
3050,28867.56427029457,28898.879222178297,29329.145741865992
3051,28867.564270294533,28898.879222173393,29329.14574184669
3052,28867.56427029457,28898.87922217817,29329.145741858327
3053,28867.56427029455,28898.879222176794,29329.145741874258
3054,28867.56427029456,28898.87922217819,29329.145741847853
3055,28867.564270381783,28961.22590785585,29329.14574099129
3056,28867.564264612236,28514.849196582538,29329.14574063564
3057,28867.564264612203,28514.849196582574,29329.145740640248
3058,28867.564264612254,28514.849196582567,29329.145740612636
3059,28867.564264612254,28514.849196582567,29329.145740612636
3060,28867.56426478228,28541.209113414177,29329.145739948664
3061,28870.133621413388,28541.213145476173,29329.14573998154
3062,28870.133621816163,28497.76793560721,29329.14574138857
3063,28870.13362135093,28464.38537971565,29329.145740404707
3064,28870.133621350906,28464.3853797303,29329.14574048375
3065,28870.82253025571,28464.38674684592,29329.14574048623
3067,28139.42436408705,28459.627765368925,29329.145739978423
3066,28139.42436367193,28459.627771215084,29329.14573996689
3069,28099.527453110917,26790.363850685506,29366.75315792142
3068,28099.527453037575,26775.064873944597,29366.75315785397
3070,28163.652001989834,26799.836042823554,29394.123271397104
3071,28163.65200178558,26799.83603906241,29394.123271456996
3073,28163.69523924151,26799.852084072045,29394.123271383112
3072,28163.69523935628,26799.852083807476,29394.123271522018
3074,28163.69523924151,26799.852084072045,29394.123271383112
3075,28163.695237819797,26799.852072401758,29394.123271358825
3076,28188.8929647775,26871.984538036173,29394.123270921176
3077,28188.892964280778,26871.98454017084,29394.123270695585
3079,28188.892963547525,26871.984555275427,29350.64092850152
3078,28188.892964259096,26871.98455754637,29394.123270733064
3080,28188.89297429223,28400.770085466975,29350.640929122248
3081,28188.892974392566,28400.7700874977,29350.640929100788
3082,28123.280771881382,28392.55865173789,29313.61198105249
3085,28156.088528834487,28397.074482646123,29333.50306438016
3084,28123.507966829322,28392.681768522387,29313.611981042613
3083,28123.280771881382,28392.55865173789,29313.61198105249
3086,28156.088523783626,27685.525100999323,29333.503063630546
3087,28156.08852247609,27685.52510120003,29333.503063635653
3088,28156.08852247611,27685.525101200023,29333.503063630265
3090,684.4977567156275,27680.530796911993,29333.503064205226
3089,28156.08851313615,27685.525101123785,29333.503063680077
3091,684.4977567156275,27680.530796911993,29333.503064205226
3092,648.0702011033202,27665.478225889812,29266.65198486401
3094,648.0702011578701,25102.192573375378,29266.65198434523
3093,648.0702011692867,25102.19259325359,29266.651984312353
3096,648.0702011681519,25102.19261077114,29266.651984454315
3097,648.070201168152,25102.19261077114,29266.651984452146
3095,648.0702011559869,25102.19261000255,29266.651984333526
3098,648.0702011681519,25102.19258326169,29266.651984402473
3099,648.070201168405,25134.2785322704,29266.651984273587
3100,648.0702011691419,25204.335101822893,29266.651984604414
3101,648.0702012148149,25204.33510662819,29266.651984541233
3103,26908.426629609567,25293.783340466653,29266.65198397311
3104,26947.97427301106,25293.788550856032,29266.651984865202
3102,26908.426634557796,25272.131578452318,29266.651984042655
3105,26947.974275573535,25293.78853531293,29453.1441016736
3106,26947.974283941665,25293.788541592316,29453.144101581776
3107,27229.067408840856,25303.779496754476,29527.67180529748
3108,27229.06740856584,25303.779506324132,29527.671804968017
3109,27229.06740728866,28339.901516980302,29527.671805235484
3110,27229.047855823974,28339.88503980549,29527.67180525308
3111,27229.0478558408,28339.88503980549,29527.67180524783
3112,27229.395452358258,28340.121108123174,29527.671805512997
3114,27229.395454850142,27801.241045749706,29527.671804931022
3113,27229.395454199104,27822.127475163325,29527.671804920283
3115,27229.184105400156,27801.206265333996,29527.671804971993
3116,27229.184105400156,27801.206265333996,29527.671804971993
3117,27229.184107023117,27895.16122344522,29527.67180530101
3118,27229.37184091396,27895.397886407358,29527.671805306374
3120,27225.544028997378,27895.397832339157,29527.671805440663
3119,27229.371832975532,27895.397886407198,29527.671805319507
3121,27225.544034012728,28327.14022938683,29527.671805405567
3122,27221.88014051741,28327.140215387102,29527.671805428105
3123,27221.880147912143,28327.140215411506,29527.671805548445
3125,27225.120569549363,28327.1403599876,29527.67180527165
3124,27225.120561831805,28327.140349910023,29527.671805683727
3126,27225.120564251003,28287.162314286,29527.671805302536
3129,28435.099295274842,28834.543086887465,29564.929741487525
3128,28435.09929527633,28834.54308688745,29564.92974144428
3127,28435.099295270244,28834.543086887465,29564.92974144184
3130,28435.09929517406,28771.90009196267,29564.92974146936
3131,28435.09929490667,28771.900092612897,29564.92974147427
3133,28435.106805132,28771.90025517311,29564.929741453743
3132,28435.09929490667,28771.90009261282,29564.929741485153
3134,28435.106807347813,28881.927636894252,29564.929741487766
3135,28405.76922540815,28879.821879908926,29550.23216743304
3136,28405.76922501854,28879.821879340692,29550.23216744821
3137,28405.769224978012,28908.211138144434,29550.232167739872
3138,28405.769224978,28908.211138144412,29550.23216773982
3140,28405.769224982712,28850.759057708587,29550.232167829014
3139,28405.76922700309,28908.211138190156,29550.232167793325
3141,28405.769224874854,29024.038015384285,29550.232167805923
3142,28429.379232568022,29035.82972277369,29550.23216817405
3145,28429.379242711224,28489.18820004003,29550.232168450224
3143,28429.379236498808,29027.34908526871,29550.2321681831
3144,28429.37923683012,29027.349085272726,29550.232168178474
3146,28429.379242887117,28438.278693595475,29550.2321681267
3147,28440.360215652552,28438.283351269714,29550.232168183124
3148,28492.724831078,28442.0489871048,29578.104413025452
3149,28444.351197135624,28438.229217717868,29551.137874996475
3151,28444.633717579556,28463.74821479247,29551.1378756564
3150,28444.351197332297,28463.376199402137,29551.137875447872
3153,29126.21180781978,28464.261361216344,29551.137875030763
3152,28444.557682865332,28463.59557593736,29551.137875205713
3154,29126.21180867624,28464.261355592353,29551.137875144497
3155,29126.211808681936,28475.34693046769,29551.13787513012
3157,29126.211808681914,28475.346930467647,29551.13787512832
3156,29126.211808684013,28475.346933853172,29551.13787514069
3158,29126.21180868174,28475.34693046752,29551.137875151166
3159,29126.21180868179,28475.346930467756,29551.137875119064
3161,29126.21180868183,28475.34693046775,29551.13787512396
3160,29126.21180868179,28475.346930467756,29551.137875119064
3162,29147.99108713851,28478.160940971895,29578.895984734198
3163,29147.991087115104,28456.27646374983,29578.895984726252
3164,29147.99108711511,28456.276463749855,29578.89598472543
3165,29147.99108711215,28456.276464338574,29578.895984723968
3168,29149.977966255297,28456.291364280925,29369.213366664728
3166,29149.97796617476,28456.291363642853,29578.895984543014
3167,29149.977966183367,28456.29136548696,29578.895984603034
3169,29149.977966255294,28456.29136428092,29369.213366664724
3170,29150.026516607104,28456.29721439482,29369.213366677897
3171,29150.02651660762,28446.853063456558,29369.213367088254
3172,29150.026516607613,28446.85306345659,29369.21336708832
3173,29150.026516572936,28446.85306383489,29411.92147200032
3175,29130.19638465815,28442.222477914518,29389.960122119257
3174,29130.196384658146,28442.222477914474,29389.96012212385
3176,29130.196384658208,28442.22247791455,29389.960122123917
3177,29130.196384658142,28442.222477914496,29389.96012212395
3178,29130.19638465969,28442.222483613015,29389.960122123837
3179,29130.196384697374,28448.318466970497,29389.96012199148
3180,29129.19439019122,28448.317068970646,29389.96012262875
3181,29129.26503531816,28448.370337320608,29389.96012186514
3182,29129.29224063409,28448.376889196934,29389.96012185997
3183,29129.29223699081,28448.376887121245,29389.960121859618
3184,29114.890529161905,28448.362376945566,29389.960122384968
3185,28794.09802961466,28387.867021573984,29389.960122226694
3186,28670.073328816714,27527.427266811177,29393.77752789922
3188,28670.073328112907,27527.42726623285,29393.777527882703
3187,28670.073328187078,27527.427274811987,29393.77752789232
3189,28670.073328096885,27527.427278019448,29588.42102583336
3192,29094.193726383433,27530.296297363035,29588.42102547802
3191,29094.193726382982,27530.296300568316,29588.421025480184
3190,29094.19372634007,27534.20124592955,29588.421025445285
3193,29094.1937263833,27530.296310876023,29588.42102546722
3195,29094.133610263787,27530.293959196646,29588.421025609874
3196,29094.133610263798,27530.293931233668,29588.421025620402
3194,29094.13361026161,27530.2939591673,29588.421025616786
3197,28388.773810934217,27530.277604315375,29588.421025263204
3198,28318.954765292343,27529.275013145212,29562.396929282637
3199,28318.97508543906,27529.27662758606,29562.39692946538
3200,28318.975085882783,28838.026291471902,29562.39692923223
3201,28318.975085882783,28838.026291471902,29562.39692923223
3203,28349.868625882904,28838.567522610116,29575.970607706957
3202,28318.975085883827,28838.026291471935,29562.396929233822
3204,28349.86862652492,28903.558376424364,29575.970608165455
3205,28349.868626463485,28903.558371171093,29575.97060816471
3206,28342.11406803132,28903.55835523246,29575.97060759584
3208,28342.114067763792,28903.558355068068,29575.97060806751
3207,28342.11406803098,28903.558355232424,29575.970607594998
3209,28342.114067763792,28903.558355068068,29575.97060806751
3210,28342.11406661084,28937.092999883225,29575.970607659983
3211,28342.11407960819,28804.514515815667,29575.97060796555
3212,28342.114075783313,28789.134202536494,29575.97060766211
3213,28342.114079908257,28744.613591908543,29575.97060778509
3214,28342.11408203045,28744.613591871188,29575.97060785237
3215,28259.53415282497,28743.139989476385,29538.354362363687
3216,28259.53415287425,28770.100632441354,29538.354362374666
3217,28259.534146510454,28770.10063340259,29538.354362165697
3220,28142.982939064386,28357.648950172406,29481.994832074248
3219,28137.306802720504,28357.64861855319,29481.994831770848
3218,28259.534151136646,28358.780051880516,29538.354361721096
3221,28142.982939609145,28367.36685460665,29481.994831996293
3223,28134.7411718717,28367.348226267008,29481.99483190449
3222,28134.762243911504,28367.366380162384,29481.994831868287
3225,28134.67738016823,28297.909966043953,29481.994831874206
3224,28134.677380065477,28367.341756934555,29481.994831912685
3226,28134.677380168174,28297.90996604392,29481.994831864766
3227,28134.677380103003,28297.909966043946,29481.994831849777
3229,28134.654470294707,28297.90593596392,29481.99483188046
3228,28134.677380206056,28297.90997074081,29481.994831848097
3230,28134.654470306916,28297.905935963874,29481.994831828742
3232,28132.917694357373,28292.92555137805,29481.994832483924
3233,28132.9176949184,28292.9255563872,29463.94877521541
3231,28134.65446873126,28297.905938257943,29481.99483155448
3234,28132.91769491628,28292.925556387163,29463.948775206343
3235,28132.917680678576,27586.87473326655,29463.94877478298
3236,28132.917680626117,27586.874733291454,29463.948774775832
3237,28132.917682070423,27586.874733350734,29463.948774774675
3238,28132.58560638553,27586.874719592313,29463.948774766046
3239,28132.585606385517,27586.874719591622,29463.94877476604
3240,28132.58560752536,27586.874719788728,29463.94877477431
3241,28132.57964671156,27586.85536709561,29463.948774779332
3242,27817.93834602797,27574.116925854043,29311.582564406315
3245,28795.32828120787,28752.22214084339,29524.71666305823
3243,27817.93834603654,27574.116928299074,29311.582565648965
3246,28795.328277887984,26679.532156789242,29524.71666285619
3247,28795.328277663924,26679.532154188426,29524.71666292945
3244,27817.93834566915,27546.73595893706,29311.58256447489
3248,28795.328277663943,26679.53215191252,29524.716662880644
3249,28795.32827788718,26679.53215167675,29524.716662871688
3250,28795.32827788713,26679.532156175053,29524.716662839317
3251,28795.32827788713,26679.532156175053,29524.716662839317
3252,28795.328277800563,24659.34079945772,29524.71666145796
3253,28791.30117119992,24659.297602138737,29524.716661601808
3254,28791.301171199866,24659.297584652253,29524.71666158205
3255,28791.301171188174,24303.975129504302,29524.716661165858
3257,28791.301171222836,24844.611848672364,29524.716662767896
3256,28791.301171188185,24303.97512703698,29524.716661165934
3258,28791.301171305968,24853.332522358865,29524.716662703064
3259,28791.301169140217,24872.48685759933,29524.716662683808
3260,28791.30116914025,24872.486844107996,29524.716662713487
3261,28791.301168989732,24871.46299219258,29524.716662710645
3262,28777.535906959805,24871.44436246557,29524.7166628924
3263,28777.53590695981,24871.444362719543,29524.716662892373
3264,28777.78515547765,24872.13347982194,29524.716662726623
3266,28777.864746540494,24800.360920643732,29524.716662901115
3265,28777.86474461737,24872.262050489364,29524.716662770345
3267,28809.253837809214,24807.307961553284,29564.408296011956
3268,28809.253837859647,25597.257277468125,29564.408296019836
3269,28809.25383785964,25597.257277855482,29564.408296019858
3270,28809.253837603283,25597.257277870835,29564.408296000678
3271,29124.548507931315,25683.318825961935,29564.408296187612
3273,29124.451528681795,25683.212095104536,29564.408295870126
3272,29124.548507931315,25683.318825961935,29564.408296187612
3274,29124.45152868171,25683.212085108695,29564.408295858222
3276,29124.451529517584,25683.212176745856,29374.559140635596
3277,29124.4515317123,25683.21216910645,29329.08760857005
3278,29124.45153171207,25678.697553962484,29329.08760855982
3275,29124.45152893073,25683.21213719606,29564.408295866346
3279,29124.451531714032,25678.697517357206,29329.08760856002
3281,29124.25666125722,25091.663648196743,29329.08760964883
3282,29124.256661183885,25105.670803291174,29329.087609649796
3280,29124.451531717976,25091.916227929243,29329.087609150098
3284,29101.35700326394,27646.96917910289,29329.08761006478
3285,29101.357003264016,27646.96917910299,29329.08761007221
3283,29101.357003177654,25105.613951500512,29329.087609833805
3286,29101.357003263973,27646.96917870541,29329.08761007209
3287,29101.3493310803,27646.935289192566,29329.087609814287
3288,29101.34933115076,27646.935277779026,29329.08761001216
3290,29101.349331149315,27646.935271000963,29329.087609988826
3289,29101.349331149515,27646.935271896793,29329.087609997267
3291,29100.003805867655,27639.23738118923,29329.087610447248
3292,29099.637756980163,27639.237246651293,29329.087610398346
3293,29099.637756980454,27639.237266946744,29329.087610382714
3294,29099.63775698117,27639.23726697546,29329.087610376857
3295,29126.40457338527,27644.02283120498,29349.391072739672
3296,29126.40240115255,27644.01821161563,29349.39107271486
3297,29126.40240115255,27644.01821161563,29349.39107271486
3298,29136.595126429813,27646.086818637123,29357.140223824834
3299,29102.865369953906,27639.22619389792,29330.576078709833
3301,29055.939662384404,27630.113499494568,29291.072770154024
3302,28314.802386307074,27629.62444464159,29291.072768362996
3300,29102.86536989668,27639.226195941614,29330.576078140784
3303,28314.802400524997,27629.624445502694,29291.07276848062
3305,29098.94086996468,28031.71196047702,29287.20985022024
3304,29131.421023981125,28037.123840581735,29328.55107525042
3306,29098.94087004105,28031.71196004389,29334.666601928104
3307,29098.94087003968,28031.711946788426,29334.66660192782
3308,29098.940870038277,28031.711945420477,29334.66660192667
3309,29051.301714350007,28023.877958335856,29263.460264682148
3310,29051.63322597183,28024.062726733122,29263.460264739042
3311,29051.633225945043,28024.062731889917,29263.460264726942
3313,29052.012144649834,28024.336064536066,29263.46026538544
3312,29052.012144649838,28024.33606453608,29263.46026538525
3314,29052.01214452686,27978.647792142197,29263.46026504576
3315,29037.835539691958,27978.61205049802,29263.460264989204
3318,29037.83554107687,27981.885730166367,29263.46026515638
3316,29037.83553963963,27985.691634621406,29263.460264983958
3317,29037.835539639636,27985.69163462242,29263.460264985275
3319,29038.14297895511,27982.143259605567,29263.460265269703
3320,29038.142978809974,27982.143260190187,29263.460265065958
3322,29037.926704725636,27714.028230270447,29263.460265221904
3321,29038.142977505922,27714.043139650854,29263.46026517905
3323,29037.926704838417,28370.54432698282,29263.460265175498
3324,29001.088239438875,28359.190327687436,29263.46026209247
3325,29001.04909591114,28359.189930728255,29263.460262043664
3326,28652.07414614765,28258.254488353035,29263.460262051987
3327,28652.07414614768,28258.254488353534,29263.460262068133
3328,28652.074147267493,28258.254488382896,29263.460262008914
3329,28652.07414467763,28227.671630099023,29263.460263297642
3331,28652.074147267598,28227.67162884731,29263.46026212279
3330,28652.07414726766,28227.67162884866,29263.46026214563
3332,28652.07414724471,25473.14832980402,29263.46026249189
3334,28652.07414728219,26945.7552594688,29263.460262189572
3336,28652.07414728219,26945.75525717414,29263.460262199544
3335,28652.074147282154,26945.75525943996,29263.460262202236
3333,28652.07414724472,25473.14832318178,29263.460262557186
3337,28617.596483224977,26945.73644944207,29263.460262190925
3339,28617.59648319939,26926.907171052128,29263.460261889737
3340,28617.596483199373,26926.907171053917,29263.460261889762
3338,28617.596483224952,26945.73644910781,29263.4602621789
3341,28617.596483199362,26926.907171058974,29263.46026189407
3342,28617.596487604,26926.907176431585,29263.46026186377
3343,28617.596487532865,26926.907140201132,29431.198705611052
3344,28607.04348959585,26926.905023197985,29431.198705199597
3345,28607.043489594565,26926.90502641791,29431.198705196544
3348,28607.043489141328,26919.97571076626,29431.19870512742
3347,28607.04348959433,26926.90502551805,29431.198705218987
3346,28607.04348959404,26926.905025577213,29431.198705196566
3350,28614.537611195563,26919.976707062215,29431.198706196603
3349,28607.046944979404,26919.97589665302,29431.19870509012
3351,28307.737318011983,26872.36734507963,29112.410060695765
3352,28307.737318011983,26872.36734507963,29112.41006069504
3353,21648.878944316042,26872.252792935236,29112.410060635702
3354,21648.87893792669,26752.33931358148,29112.410061597973
3356,23072.068394947208,26780.030638461933,29299.273718445038
3355,23838.65459215401,26793.594738252927,29388.71874752877
3357,23072.068394947208,26780.030638461933,29299.273718445038
3358,23072.068394947208,26780.030638461933,29299.273718445038
3359,23072.068384919574,26780.030636495627,29299.273718251352
3360,23072.068406054903,26731.459268070383,29299.273718487108
3363,27160.25056104132,29174.13757357843,29519.410322025444
3361,23072.068406175124,26731.459268070394,29299.273718487108
3362,23072.068406151833,26664.394587906358,29299.27371875175
3364,27160.25056113321,29174.13757359414,29519.410322025036
3365,27160.25056108703,29174.137573576816,29519.410322058582
3366,27160.25056067069,29138.148040212258,29519.4103224715
3367,27160.25056088397,29138.148040212236,29519.410322461208
3368,27316.88859853291,29138.447415837756,29555.084510783097
3369,27316.888598661746,29138.447417942327,29350.136217049978
3370,27318.909972166468,29138.447456814625,29350.136217987845
3371,27464.59689332313,29138.80972205039,29377.395987269723
3372,27464.59689332313,29138.80972205039,29377.395987269723
3374,27464.596893292874,29138.809722025668,29377.39598730012
3373,27464.596893274407,29138.80972203033,29377.395987261327
3375,27348.54177760154,29138.587568369203,29359.220107606707
3376,27348.500755942874,29138.587521256395,29359.220107136873
3377,27347.3975623901,29138.169791873297,29359.220108519192
3378,27347.397562582082,29138.16979186091,29359.220108520713
3379,27347.397562546197,29138.9764418209,29359.22010813751
3380,27282.7370337272,29138.83237038483,29347.92228977375
3381,27282.7370337272,29138.83237038483,29347.92228977375
3382,27410.96466292603,29139.098020727804,29369.03669932732
3384,27410.96465848259,28752.70341262486,29369.036699234894
3383,27410.96466311258,29139.098020728066,29369.036699301265
3385,702.8475039801804,28749.80190317768,29369.03669826614
3386,702.847503980712,28749.801903177773,29369.036698252545
3387,710.8790209966285,28749.80235895277,29369.036697251628
3388,710.8790209941881,28749.80235925653,29369.03669724784
3389,710.8821921164952,28749.803025184337,29369.036697239673
3390,710.8821921363372,28709.492021166803,29369.03669766686
3391,710.8821921171235,28667.7876217288,29369.036697957374
3392,710.88461175446,28667.896547327597,29369.036698072487
3393,710.8846117786854,28150.16896332342,29369.03669771472
3396,710.8846117482374,27991.159872577453,29369.036697510088
3394,710.8846117786854,28150.16896332342,29369.03669771472
3395,710.8846117514236,27991.159875248006,29369.0366976589
3397,710.8846117391956,27587.984948850026,29369.0366977552
3398,710.8821772369747,27587.268243100476,29369.036697799667
3399,710.8821772369747,27587.268243100476,29369.036697799667
3400,710.8821772371109,27587.26824310037,29369.03669774971
3401,710.8736524670453,27586.579593868297,29369.036697822252
3402,710.8736524677595,27586.579590873935,29369.036697762087
3404,710.873652472496,27586.579614742823,29369.036697742227
3403,710.8736524678558,27586.57959087394,29369.03669775713
3405,721.5296128928269,27586.58578753025,29369.036698283115
3406,721.92542708937,27586.5859069566,29369.03669825878
3407,721.925427089536,27586.58590734962,29369.03669828563
3408,721.9254270881767,27586.585907203782,29411.765153085304
3409,721.9095910394697,27586.571592845634,29411.76515305347
3410,721.909591038221,27586.571591959742,29411.765152640593
3411,721.9095910428218,27586.571592003245,29411.765152717315
3412,721.9095910404903,27520.730704886104,29411.765151925327
3413,721.9095910460859,27532.697687424276,29411.765152756037
3414,28252.12095082243,27536.34312876158,29411.765151990905
3415,28252.12095535753,27257.00284786374,29411.765151365515
3417,28252.12096118844,25841.011047250842,29411.76515132917
3416,28252.120961184242,25841.011048414235,29411.765151333944
3418,28252.120967518946,25841.01103634687,29411.76515135827
3419,28252.1209675189,25841.011009661903,29411.76515130885
3422,29096.47350238391,25938.030027170644,29609.462868154194
3421,28252.120963312584,25767.688074483598,29411.76515130279
3420,28252.12096331257,25767.688074335078,29411.76515135055
3423,29096.47350252127,26014.707612087237,29609.462869767183
3424,29096.47350252127,26014.707612087237,29609.462869767183
3425,29096.47350252127,26014.70761208724,29609.462869767194
3426,29096.47350252131,27714.228101838144,29609.46286979187
3427,29100.012499932767,27714.230386765383,29609.462869554118
3428,29080.493569666003,27711.160866337563,29591.9821836314
3430,29080.494107978084,27717.84154193196,29591.982183608055
3429,29080.49357017935,27717.841297873787,29591.98218363593
3431,29080.494107978084,27717.84154193196,29591.982183608055
3432,28638.424112325552,27698.22900285492,29591.98218346872
3435,28636.95791483135,27694.21222065998,29567.345182884223
3434,28637.159243193008,27694.48071336938,29567.34518288016
3433,28669.322255218874,27698.27213678232,29591.982183900982
3437,28636.957910900375,27694.212215136868,29349.304381511345
3438,28636.95791371062,27389.981560480497,29349.30438223043
3436,28636.95791455666,27694.212212443774,29392.830548330232
3439,28636.865207053044,27389.84098906143,29349.30438264105
3442,28636.960098648786,27389.85560916428,29349.304383181072
3440,28636.865206518378,27389.84098652212,29349.30438248601
3441,28636.960098656873,27389.855608163583,29349.304383161798
3443,28636.960098648753,27389.85560916638,29349.304383212002
3445,28608.20226113424,27387.94469017801,29333.3589372942
3444,28653.296323590293,27391.965949165566,29360.25845297894
3446,28608.20226113424,27387.944690177963,29333.358937245597
3448,28594.69628269871,27377.45053752454,29333.35893699759
3447,28590.856159586932,27377.44852974851,29333.358936989192
3449,28594.696283139623,27377.45053752687,29333.358937018384
3450,28594.69628420745,27354.582307138164,29333.358936783596
3451,28594.696285636226,27354.582308618606,29333.358936787226
3452,28594.696285143185,27354.58230522361,29333.358937802965
3453,28594.6962851437,27352.740146607714,29333.35893779422
3454,28594.696286995364,27352.74014759085,29333.35893781176
3455,28594.696285221948,27352.740148668512,29333.358937813115
3456,28594.696286990875,27352.740146312302,29333.358937255507
3458,28594.696282601137,27352.740168920784,29333.35893712622
3457,28594.69628260113,27352.74016890244,29333.358937184195
3459,28594.69628520075,27380.39884587985,29333.358937200202
3460,28594.696282601202,27362.134371450473,29333.35893717896
3462,28594.696282899764,28059.360006685394,29333.35893713612
3463,28594.696282662717,27744.96856674178,29333.358937560624
3461,28594.696282899782,28059.36000668593,29333.358937174304
3464,28594.798577872538,27744.995454177373,29333.3589375233
3465,28594.79857787254,27744.99545417739,29333.35893752931
3467,28594.798577892,27720.311467659165,29333.358937479417
3466,28594.798577891997,27720.311467659987,29333.358937442048
3468,28594.917158881814,27720.32524471347,29333.358937433924
3469,28594.91715888183,27720.32524471182,29333.358937500074
3470,28594.917160979465,27895.65052442369,29333.35893824576
3471,28594.917160979465,27895.650524423712,29333.358938246492
3472,28521.25521742669,27892.914761477332,29276.04225701899
3474,19899.8317958216,27892.862654566758,29276.042256997796
3475,19899.831752635615,28920.546763261147,29276.04225804008
3473,19847.961335595555,27892.86252866834,29276.042256551824
3476,19899.831811703338,28920.54676326118,29276.042258039175
3477,19899.831811703338,28920.54676326118,29276.042258039175
3478,19899.831799974723,28920.54676335435,29276.04225796162
3479,19899.831853191034,28920.54676335499,29276.042257403707
3480,19899.831815488866,28920.54676339795,29276.04225743498
3482,29216.99764262733,26892.599397557213,28363.6968676383
3481,29222.391123939502,26892.601978748986,28363.696868160063
3483,29216.997642627306,26892.599394903853,28363.696867638442
3484,29216.997641331473,26773.343820847185,28363.69686632147
3485,29216.988501145286,26773.192774804385,28363.69686630758
3486,29185.943669541022,26768.44241785901,28288.828252621533
3487,29185.943669541022,26768.44241785901,28288.828252621533
3488,29185.943669028977,26745.06638436424,28288.8282526548
3489,29185.943669056232,27110.43301373104,28288.82825253901
3491,29185.943668666394,26861.112129874804,28288.828254212036
3492,29185.94366700951,27565.130916882852,28288.828254294942
3490,29185.94366905559,27110.43301407135,28288.828253996704
3493,29185.943670143315,27565.130907051607,29503.405229851847
3494,29185.943670214427,27568.494251734635,29503.4052300643
3496,29185.943670214743,27568.494246061615,29503.405230045413
3495,29185.943670214438,27568.49425173492,29503.405230062446
3497,29185.942945533694,27568.49359952985,29503.40523005848
3499,29131.684660338706,27560.23108691307,29445.747134811318
3498,29185.942945501338,27568.493610416986,29503.405230066386
3500,29131.58005839548,27559.544922519664,29445.747134716847
3501,29131.580058395542,27559.544926259194,29445.74713470917
3502,29189.099298705085,27568.527782361663,29506.565313363317
3503,29189.099298705074,27568.527782035904,29506.56531337076
3504,29189.09929848616,27568.527781106473,29506.565314043
3505,29189.099298423287,27519.4488198394,29506.56531421426
3506,29189.099805824735,27519.44978636712,29506.565314207415
3507,29187.006316212326,27505.230633826395,29506.565314986903
3508,29187.006316951592,27505.23063493767,29506.565314979416
3509,28929.656467332075,27475.557960214195,29506.56531468324
3510,28929.65646369948,27475.557963229534,29506.565314745243
3511,28905.106162844968,27472.174357004216,29487.52462174354
3512,28918.568472768296,27472.17773790316,29487.52462169663
3513,28918.568473008727,28818.072286840237,29487.52462176678
3515,27555.642023946864,28817.66091872923,29487.52462118712
3514,27555.642023947064,28817.660918729227,29487.52462118544
3516,27555.642023858913,28828.7777203958,29487.524621360368
3517,27553.858541392336,28828.77768505256,29487.52462134757
3518,27553.74562393417,28828.7283691574,29487.5246213386
3519,27553.745623500006,28826.601418722043,29487.52462158671
3520,27553.745622195733,28826.601418722064,29487.524621626893
3521,27553.745621813523,28826.60141872208,29487.524621558652
3522,27553.74562253098,28826.60142090462,29487.524621352975
3523,27553.745615887652,28826.601420904604,29487.52462135849
3524,27553.745612954805,28477.781905990858,29487.524621408666
3526,27553.745615621287,28386.11223136526,29467.030055488132
3525,27553.745608590823,28477.7819074164,29467.030055155887
3527,27288.8677862026,28380.981491953396,29394.01640395303
3528,27288.867817651706,28380.98149273671,29394.016403998306
3529,27288.867814428173,28302.61079495149,29394.016403530884
3530,27288.86781378689,28302.610789522205,29394.01640398988
3531,27289.46255059151,28302.83774675515,29394.016404020975
3532,27289.462547790445,28302.837742656615,29394.016404310678
3534,27294.599553773798,28302.84090267347,29394.01640432237
3533,27294.59951069305,28302.840902650736,29394.01640432085
3536,27294.599554556626,28302.840903702232,29394.016404300164
3535,27294.599553433167,28302.840903702214,29394.016404270806
3537,27294.599554769098,28302.84090370229,29394.016404224196
3538,27294.59955476749,28302.840903702236,29394.016404239606
3540,28709.157140891206,1616.1825257026258,26171.467603810783
3539,27294.59955476749,28302.840903702236,29394.016404239606
3541,28700.50054819576,1616.1824256941652,26171.467607044626
3542,28700.500548223306,1609.8274135001425,26171.467605850383
3543,27494.46398830135,1607.3766615929512,26171.467610529515
3544,27494.463988732332,1607.3766603051097,26171.467609343876
3546,27494.464007494287,1607.3766606078748,27812.447585732578
3545,27494.463987013794,1607.3766603231584,26171.46760290335
3547,27494.464006894246,1607.3766647724299,27812.447583779598
3548,27494.168159097837,1607.371354538786,27812.447584621303
3549,27494.16815966225,1607.37136074726,27812.447584536025
3551,27494.168160271303,1602.9034964864668,27812.447591513934
3550,27494.16815966225,1607.3713568414491,27812.447584536072
3552,27469.029039002096,1602.903348277217,27812.447579914387
3553,27469.02903942971,1602.9033484978709,27812.447581734054
3555,27618.86985923683,1603.368519698049,27953.509439747893
3554,27618.86985968161,1603.3685261499159,27953.509439601803
3556,27746.20750027631,1603.6653787924238,28067.26567033845
3557,27746.207500066303,1513.3354179582434,28067.265667937507
3558,27750.94962672446,1513.3354574337704,28067.26566968097
3559,27750.949626732447,1436.3593197883233,28067.265669687942
3560,27750.94962700552,23403.68753858636,28067.265672444366
3561,27709.21441048984,23401.648226373072,28029.33135184889
3562,27709.2256697984,23401.648379509617,28029.33135253938
3563,27709.225669574556,23401.648377882084,28029.331349707154
3565,27575.524485292415,23395.834398269584,27904.60432173884
3564,27575.52448440926,23395.834385492177,27904.604320523067
3566,27575.524485279257,23395.83439343243,27904.604321312123
3567,27611.656416115904,23414.9634642335,27904.604321738116
3568,27611.65641601661,27891.635113460037,27904.604321997955
3569,27611.65641604168,27891.63511346002,27904.604321997947
3570,27611.656416093552,27891.635112615208,27904.604321961095
3572,27611.65641615614,27868.88245336354,27904.60432208713
3571,27611.656416093552,27891.635112615208,27904.604321961095
3573,28943.709110694133,27870.00689155616,27904.604321092786
3574,28943.709110812804,27870.00689451606,27904.60432161941
3575,28942.35197882917,27870.00438194201,27904.60432137674
3577,28942.351979012015,27870.00438297884,27904.604321566825
3576,28942.351978829156,27870.004381942137,27904.604321375584
3578,28942.35197901204,27870.004382979114,27904.604321614537
3579,28942.351978787774,27870.004384386953,29478.430214640066
3580,28942.35197883319,27994.718000768626,29478.43021461877
3581,28942.351978911553,27994.717994509956,29478.430214633383
3582,28942.35197874856,27979.977700571857,29478.430214622742
3583,28942.351978748524,27979.977700571824,29478.430214622735
3584,28942.36639774683,27979.980682688685,29478.430214644315
3585,28942.366397839178,27979.980692867888,29478.430214998672
3586,28942.366397839192,27979.980692867604,29478.430214999033
3587,28942.366397872145,27979.980692883677,29478.430214990345
3588,28942.366397823705,27819.525459996206,29478.43021500484
3589,28942.366397739323,27441.037812639006,29478.430215008608
3590,28980.03552426803,27448.241094339224,29518.681672905426
3591,28980.111108656205,27448.33451304696,29518.681672994284
3592,28980.111108697103,27391.358160342937,29518.681672998562
3593,28980.111108662968,28313.991319143253,29518.681672993913
3594,28980.169095629233,28314.194400973174,29518.68167332441
3595,28980.16909554048,28314.19440048172,29518.68167326074
3597,28980.00831958485,28313.659476290926,29518.681672913335
3596,28980.008323734706,28313.659479513313,29518.681672913874
3599,28895.81329622102,25103.41282648058,26496.767264271104
3598,28980.00831958484,28313.659476258195,29518.681672928633
3601,29022.02626080029,25118.45036038282,27123.922068418375
3602,29021.991728598077,25118.41831911666,27123.922067668063
3600,28896.393963193903,25103.45472858927,26496.767265366525
3603,29021.991728598216,25118.418338102318,27123.922068180662
3604,29026.2769061303,25118.424685702368,27123.92206844034
3606,29026.27690613071,25118.424690638843,27123.922068266802
3605,29026.276906130726,25118.424692340806,27123.922067840518
3607,29026.276906223567,17700.62227391139,27123.922068020467
3608,29026.276906104114,17619.346942916414,27123.922067941745
3609,29026.276905979386,17619.34699656072,27123.922068395772
3610,29026.27690593998,17619.347004049505,27123.92206728361
3611,29026.05379451129,17619.34210133668,27123.922068174907
3612,29026.053794398333,17619.341905546447,27123.922068005944
3613,29026.053794398344,17619.34200111819,27123.922068005948
3614,29074.873857167197,17626.11032858119,27360.103405978072
3615,29074.873854371777,17626.11035240574,27360.103406368995
3617,29074.873852279412,11768.869932121488,27360.10340672377
3618,29074.87385370443,11819.666826800749,27360.103406785383
3616,29074.873854367233,17626.110381637234,27360.103406318147
3619,29074.873853704376,11819.667129591147,27360.10340682057
3620,29074.873852945726,11884.015696384147,27360.10340678044
3621,29074.873854445534,11884.01567340939,27360.103406870476
3622,29075.767125721388,11884.017527020464,27360.10340691372
3623,29075.837001689975,11884.683682701881,27360.1034062957
3624,29075.83700217264,11884.683287796786,27360.103405687278
3625,29075.81808510216,11884.501046051882,27360.10340569669
3626,29075.818083551563,11504.318585631187,27360.10340529201
3627,29075.81808252374,11504.318297216725,27360.103405684986
3628,29075.818082731512,11504.318263071462,27360.103405594244
3629,29075.8180827315,11504.318270009313,27360.10340559431
3630,29075.818082870283,11670.786984013675,27360.10340572249
3631,29074.15323962467,11648.28716473679,27360.103391657663
3633,29074.15324009455,11648.287170106374,28256.11064012871
3634,29074.15323965634,27180.222067671217,28256.110640411414
3632,29074.15323962464,11648.287184338813,28256.110643549822
3635,29108.338347323654,27184.581144855016,28344.295072295034
3637,29140.114851616592,28490.955156770844,28421.05411386816
3636,29108.338346193486,28485.962872085867,28344.295072779765
3638,29140.11484973851,28471.205285815,28421.054113273458
3639,29140.11484892323,28471.205286159373,29558.428842396414
3640,29140.11484892328,28471.20528615834,29558.428842381385
3641,29147.573916904046,28471.2359237325,29558.42884289597
3642,28499.47388193322,28470.265344268708,29558.428841971043
3644,28499.473881598453,28470.265342314837,29558.428841936835
3643,28499.47388193322,28470.265344268708,29558.428841971043
3645,28499.473881829734,28475.04615649714,29558.428841985693
3646,28499.47388198092,28475.04615526249,29558.428841970264
3647,28499.47388198063,28475.046155262484,29558.428841966597
3648,28513.01287448374,28475.055956521363,29558.428842267786
3650,28513.012874645952,28198.05681112959,29558.428842220786
3649,28513.012874296768,28475.05595761576,29558.42884221848
3651,28513.01287462756,28126.707690538125,29558.428842251724
3652,28513.012873643525,28126.70769039896,29558.42884261839
3653,28513.012873643493,28126.707690398784,29558.428842575515
3654,28512.964760301584,28126.676066274384,29558.428842507987
3655,28512.96475192289,28126.676064803803,29558.42884198208
3656,28528.938061536155,28126.843843286668,29565.55877432562
3658,28652.30311679212,28625.902794700887,29557.76539984695
3657,26084.509095225876,28121.727194757827,29565.558774864236
3659,29078.953326807376,28640.14851198189,29557.765399357755
3661,29078.953325936447,28685.046065898918,29557.76539936215
3662,29104.446013649263,28688.787922424177,29586.972053850583
3660,29078.953325936447,28685.04606589899,29557.765399384516
3663,29104.446013148226,28614.78801948583,29586.97205384342
3664,29104.446013148212,28614.78801948513,29586.97205384387
3665,29104.443059811725,28614.782610837658,29586.97205385834
3666,29104.443059811736,28614.782610837327,29586.972053848905
3667,29104.464832469028,28614.790769989013,29586.972053796813
3668,29095.383055687682,28612.896031428085,29577.149324298553
3670,29082.319568316227,28598.252370484908,29577.149324563514
3669,29095.383055687704,28612.896031427626,29577.149324304817
3671,29082.31956919268,28598.25237293487,29577.149323056856
3672,29082.31956919276,28598.252372950505,29577.149323016347
3673,29082.319569192674,28598.252372949122,29577.149323026533
3675,29082.31956596532,27754.952888784093,29577.14932295553
3674,29082.319569192674,28598.252372949122,29577.149323026533
3676,29082.319568167826,27754.95289592622,29349.39107262846
3678,29082.319571158834,27736.627525507418,29349.39107259445
3677,29082.31957115597,27754.952894743958,29349.391072629798
3679,29082.319567923805,27736.62752094397,29349.391071887825
3680,29082.319568115185,27807.37321370469,29349.391073217987
3681,29082.31956811522,27807.373213709496,29349.391073080144
3683,29082.319567886032,27530.604081406047,29349.39107250722
3682,29082.31956842364,27809.490839136473,29349.391071821592
3684,29082.31956866834,27530.604083943115,29394.04408179673
3685,29082.319568580504,28239.18313217762,29394.044081651147
3686,29083.964515246294,28239.18362869113,29394.044081659857
3687,29083.964515276974,28242.828425384476,29394.04408169093
3688,29083.964515276974,28242.828425384476,29394.04408169093
3689,29083.942022269694,28242.82458950372,29394.044081656382
3691,29083.942022270658,28246.20846930991,29394.044081538406
3690,29083.942022270683,28246.208475758052,29394.044081583183
3692,29083.94671751743,28246.209325829223,29394.04408144073
3693,29083.946717516552,28246.20932847245,29394.044081506618
3694,29083.94671751705,28246.209325817716,29394.044081551638
3695,29083.94671751705,28246.209325817716,29394.044081551638
3696,29083.94671751714,28246.209325814445,29394.044081566863
3697,29083.94671751714,28246.209325814445,29394.044081566863
3698,29083.946717468636,28244.324463069133,29394.04408142876
3699,29056.695716925453,28239.239831140363,29372.584621735317
3700,29056.695716925384,28239.23983115127,29372.58462176211
3701,29056.695716945484,24784.756299844674,29372.58462121645
3702,28322.437378529772,24784.536459177572,29372.584621759088
3704,28231.42685367429,24778.948390614165,29342.795730329264
3703,28235.297763007453,24778.948474979446,29342.795730305777
3705,28005.729239795957,24765.592651533592,29257.76360197299
3706,28005.708301227292,24765.587204000498,29257.76360199321
3707,28005.7083048993,24765.587259827364,29257.763602388055
3709,28006.06227898552,24765.684611534452,29257.763602065676
3708,28006.06227660957,24765.68453161916,29257.763602502062
3710,28006.062267304394,24765.684620149128,29257.763602022867
3713,28006.06228148027,24765.684648800816,29257.763601973442
3711,28006.0622673044,24765.684603238584,29257.76360199431
3712,28006.0622673044,24765.684603238584,29257.76360199431
3714,28006.642215761,24765.68469039414,29257.76360198891
3715,28002.26225661538,24765.684480971635,29257.763601967847
3716,28002.26225112882,27699.76490750263,29257.76360181564
3717,28959.86567311703,28767.31025457776,29458.927565816783
3718,28956.723748022298,28767.291755301267,29458.927565861224
3719,28127.38591155896,28761.156232778543,29458.927566102815
3720,28127.385914040147,28761.1562336086,29458.92756654205
3721,28127.385916189905,28761.156234822207,29458.92756712901
3723,28127.38591511497,28778.94155833697,29458.927566999555
3724,28127.385914764076,28778.94155834554,29458.927566979073
3722,28127.385911821882,28761.15623488756,29458.927566826133
3725,28127.385914764076,28778.94155834554,29458.927566979073
3726,28130.108249041765,28778.94963317614,29458.927567042236
3728,28130.108249050638,28778.94963317612,29458.927567037652
3727,28130.108249012363,28778.949633176187,29458.927567014685
3729,28130.108249050634,28778.94963317611,29458.92756703766
3732,27722.779040200756,28319.16473478874,29261.83119023169
3730,27722.779030471444,28752.75276376911,29261.83119101569
3731,27722.779038763227,28319.164734385922,29261.83119098332
3733,27722.77903585578,28319.164734193764,29296.26056035434
3734,27722.77903938114,28401.206652520425,29296.260560518225
3735,27722.779041737012,28566.392183769465,29296.260560191047
3736,27722.779042793278,28715.515455256318,29296.260561518517
3737,27722.779042794027,28715.515455256296,29296.260561528048
3738,11414.03510860647,28699.970659351013,29296.260561142873
3739,11414.03510860647,28699.970659351013,29296.260561142873
3742,18288.45045210641,28715.838375934563,29439.553161862386
3740,18288.450554136896,28715.83837593422,29439.553161851796
3743,18288.450473055273,28715.838376960357,29270.77200719506
3741,18288.45054790514,28715.838375934552,29439.55316185661
3745,18758.654208363907,28715.85592091243,29270.772007750056
3746,18758.65424492336,28715.85592091303,29270.77200767032
3744,18288.4504896152,28715.8383769616,29270.772007214357
3747,18758.6542107896,28715.85591825049,29270.77200770092
3748,18758.346431470105,28715.85487585559,29270.77200765057
3749,18759.55551154742,28715.86876986589,29270.77200773377
3750,18759.555474795485,28715.868769945795,29270.772007719323
3751,18759.555487884503,28711.737704338437,29270.772007756525
3752,18759.555558197866,28711.73770431739,29270.772007727555
3753,18759.555549348133,28708.290013333874,29270.772006862135
3754,18759.555506251396,28766.50894592968,29270.772007697316
3755,18759.53230975398,28766.473172625156,29270.7720076865
3756,18759.5322838512,28710.253476129765,29270.772005867075
3757,18759.532227120024,28710.253478108447,29270.77200560003
3758,18768.358723009802,28710.331226176717,29270.77200556511
3759,18768.358604224522,28710.331226176713,29270.772005620158
3761,18768.35874503373,28710.331226176742,29270.77200557733
3760,18768.358927671266,28710.331226176728,29270.772005633262
3762,18768.35876664816,28091.86426938537,29270.772005468443
3763,21264.01939408441,28098.037837629472,29341.42506997733
3764,21264.01939935872,28148.458689419662,29341.42507034527
3765,21264.475118527647,28148.725535377525,29341.42507041939
3766,21264.400730931266,28148.619585836976,29341.42507050035
3767,20516.768677587188,28145.88703703521,29320.20352207565
3768,21939.200071810945,28152.07038291551,29363.62807137043
3769,21949.695753679935,28157.15214773772,29363.62807174469
3770,22215.410655450196,28157.155624874376,29363.628071725958
3771,22215.410653465362,28107.958532280754,29363.6280719145
3772,22215.410656728618,28107.95853230937,29363.62807191584
3773,22215.410656790427,28107.95853230933,29363.6280718907
3774,22215.410609837476,28107.958532309294,29363.62807190596
3775,22215.410612926345,28120.30033117677,29363.62807135792
3776,29211.244014023425,15772.266223890441,29505.51955256916
3777,29211.244014023425,15772.26622802734,29505.519552591177
3778,29211.155971830638,15772.266239205446,29505.519552617978
3779,29211.155971830634,15772.266085987918,29505.519552597034
3781,29211.34378862979,15772.280321312708,29505.51955262915
3780,29211.155971830554,15772.266290243515,29505.519552586407
3782,29211.343789458675,15772.280328845372,29486.47383866475
3783,29211.3437869285,14070.344865932038,29486.473839523274
3784,29211.343786928446,14070.344868382386,29486.473839535647
3785,29211.343786928453,14070.345113454832,29486.47383953643
3786,29211.343786928475,14070.34502579314,29486.473839480488
3787,29211.343786671678,14100.489298794093,29486.473839518807
3788,29202.779913693543,14100.474030418192,29486.47383895645
3789,29202.77991380418,14100.47371816025,29486.47383894927
3790,29227.763242137567,14105.53918400007,29513.66844845197
3792,29227.719151944817,14105.408084569,29513.668449617777
3791,29227.76145917218,14105.518851214074,29513.668448464614
3793,29227.719153259357,11759.724803276265,29513.668449648576
3794,29227.71915325935,11759.724859622445,29513.668449620367
3795,29227.71915216224,11982.529276046862,29513.668449671164
3796,29227.724926040893,11982.533255678722,29513.668449597753
3797,29227.724925984527,12129.816129514093,29513.668449623503
3798,29227.724927427564,11159.09099700539,29513.66844964395
3799,29227.766848415824,11159.119449797992,29513.668448470195
3800,29227.766848415795,11159.119312257782,29513.668448489403
3801,29227.766848415795,11159.119312257782,29513.668448489403
3802,29227.766848416366,11159.119295443801,29513.66844842677
3803,29227.766848415766,11159.119328017769,29513.668448501598
3804,29227.766848377683,27645.45811650676,29513.66844847725
3805,29227.76684837768,27645.45811650676,29513.668448477256
3806,29227.76684837734,27645.458116752106,29513.66844846424
3808,29227.766848395855,27104.670474423285,29513.668448457487
3807,29227.76684839585,27104.670455127736,29513.668448490927
3809,29227.766848442243,27104.670474221915,29513.668448468445
3810,29227.766848275365,27029.717826781343,29513.66844849182
3811,29201.453098020895,27025.112730622113,29485.5788789046
3812,29201.161539910896,27025.111285015068,29485.578879273533
3813,29201.16154049295,27025.111280756373,26510.638005657598
3814,29228.82769862925,27029.58016181642,26764.760201672732
3816,29228.82769875395,27029.58019139393,26764.7602021647
3815,29228.8276991234,27029.580186521343,26764.760201795667
3817,28817.43963837077,27028.426353597606,26764.76020108548
3818,28817.447875957347,27028.460368700435,26764.760200977245
3821,27819.738203536654,26998.157304487002,26888.999096804644
3820,27753.610441723453,26994.260479999033,26764.760201986013
3819,28817.44787653811,27028.460366889853,26764.760201258665
3822,27819.738200420008,26998.15730791266,26888.99909899467
3825,27819.738210383082,28328.998536253668,26888.999100060893
3824,27819.738210384046,28328.998536269493,26888.99909516631
3823,27819.738223999524,27557.02341558179,26888.999093764265
3826,27819.738210385483,28328.998536263334,26888.999099821023
3827,27819.738210383635,28328.99853628253,26888.999099812507
3829,27847.992875038108,28482.84365621349,26939.605465131586
3828,27819.738205301997,28481.808741843313,26888.999100281817
3831,27864.552788378707,28482.846643927303,26939.60546612536
3830,27864.552772834377,28482.846643735258,26939.60546529183
3833,27864.55277239997,27251.246305192395,26939.605467264104
3832,27864.552775675682,28482.846644308418,26939.605467204965
3835,28477.703821107803,28301.26392609551,29368.254729040935
3834,27871.935913659072,27264.036727348233,26939.60546757753
3836,28477.703821107847,28301.26392609551,29368.25472907054
3837,28477.70382110599,28301.26392608787,29368.25472907527
3838,28477.703820912837,28301.263926214655,29368.254729112887
3839,28477.70382136923,28301.263926284766,29368.254729046
3840,28477.70382119677,28301.263926170617,29577.989887706055
3841,28478.95397565044,28301.265149581734,29577.9898871053
3842,28478.95397565044,28301.265149581734,29577.9898871053
3843,28478.953975632066,28301.265149587467,29577.989887136384
3845,29156.4222444548,28304.609893256362,29597.5702670639
3846,29156.42224467919,28139.147122123024,29597.570267410498
3844,29139.591941701423,28301.594372293257,29577.98988714305
3847,29156.391575241425,28139.1046874544,29597.570267416842
3848,29156.391575241407,28139.104687453928,29597.570267409363
3849,29156.391574874255,28139.10468758853,29597.570267408068
3850,29156.391574718193,28139.10468860008,29609.14655089355
3851,29156.391574718247,28139.104688688214,29609.146550900317
3852,29156.391572400495,27837.915813966974,29609.14655087934
3854,29163.87693284273,27831.12623236004,29609.146551601425
3853,29163.876932476855,27844.490334926246,29609.146551583628
3855,29163.87693284275,27831.126232360046,29609.146551578757
3856,29163.768143679423,27831.115385498186,29609.146550955807
3857,29163.768143679416,27831.115386147554,29609.146550956957
3858,29163.768140898937,21997.68032934753,29609.146550973048
3859,29163.55348426284,21997.680281433357,29609.14655143555
3860,29163.553484345288,22280.851159279475,29609.146551389473
3861,29163.553484345277,22280.851164555068,29609.146551390666
3863,29141.34368875106,22278.810064553523,29580.200517208825
3862,29141.33583442898,22278.809925300557,29580.200517221667
3865,29127.112593926842,22278.809166416497,29580.20051711812
3864,29127.11259392685,22278.809152597274,29580.20051712924
3866,29133.980513392984,22278.809785785452,29580.20051700327
3867,29134.06251491226,22278.810272932955,29580.20051705774
3868,29134.062514460835,22278.810271665236,29580.20051713974
3869,29133.97926950011,22278.809722336453,29580.200517013494
3870,29108.719843369585,22276.6960187247,29546.76054617377
3871,28793.681260728248,22249.239400250724,29546.760545936784
3873,28793.681254476778,22249.23942178349,29546.76054594222
3872,28793.681254476774,22249.23939885005,29546.760545940495
3874,28793.681256930708,22188.677888292572,29546.76054596513
3875,28746.31619130152,22186.477946345214,29481.199747421728
3876,28746.31619513994,22186.47795278729,29481.199747515853
3877,28746.316195139927,22186.477947628155,29481.19974751273
3879,28746.316195161497,22356.140241317138,29481.199747735
3878,28746.316195158262,22186.477950589342,29481.199747517046
3880,28746.316195161446,22356.140211736216,29481.199747725594
3881,28746.316195161467,22356.14009823381,29481.199747720537
3882,28746.3161951311,22231.053323887638,29481.199747667524
3883,28746.316195231007,21848.401886776315,29481.199747181614
3884,28746.31619523102,21848.401732786402,29481.199747194376
3885,28746.31619511923,21848.401849904076,29481.19974773531
3887,28746.316195142994,28362.750278075604,29481.19974766529
3886,28746.316195140884,28370.90199960845,29481.199747648876
3888,28746.31619512369,27679.739127750086,29481.199747196282
3889,28746.31619512466,27679.73912598234,29481.19974722192
3890,28746.31619512781,27679.739124043135,29481.199747229228
3891,28746.299518197437,27679.733863239417,29481.199746992956
3893,28717.548314220574,27724.550576724083,29435.01318812504
3892,28717.548314114174,27677.431057042304,29435.01318805055
3894,28218.54686723651,28927.913943796848,29571.961606462522
3895,28218.546864573138,28927.913943796844,29571.961606482128
3897,28218.546861630377,28912.887277165042,29571.96160596329
3896,28218.54686378879,28927.91394273405,29571.96160648125
3898,28222.902246317186,28912.888255781058,29571.961606028915
3899,28194.395161063025,28912.886528078598,29571.961606352714
3900,28194.395160634318,28912.88652807859,29571.961606358767
3901,28235.429989460114,28913.787520347523,29594.77409675045
3902,28235.40780100569,28913.787459719744,29594.77409674252
3903,28235.40780100572,28913.7874597198,29594.774096732443
3904,28253.440161604252,28914.289132649646,29605.398627212002
3905,28253.44015811266,28881.11387215749,29605.398627202205
3906,28253.440160902734,28881.113873668575,29605.398627338574
3907,28253.440169832887,28324.164560432313,29605.398627343333
3909,726.145789989256,28443.026829526614,29605.398626427777
3908,726.1457899299138,28324.05023872023,29605.39862646803
3910,726.1440097661475,28443.026803801928,29605.398626450402
3911,726.1440097199604,28443.026800341948,29423.03442821812
3912,726.1440097967536,27806.68040518278,29423.034428007
3913,726.1440097967536,27806.68040518278,29423.034428007
3917,726.1440097030139,27806.680410164077,29380.738277710225
3915,726.1440096990282,27806.68039479316,29380.73827762071
3914,726.1440097060104,27806.68040369368,29423.03442793643
3916,726.1440096796941,27806.680409888533,29380.73827773754
3920,27486.69396809842,27944.63106889202,29380.73827738523
3919,27486.69396788929,27944.63106889227,29380.738277372722
3918,27486.69396732402,27910.9236055109,29380.738277215056
3921,27486.667285915217,27944.628710766683,29380.73827690378
3924,27486.6914480213,27944.63068490569,29380.738277388646
3925,27486.691447872858,27944.630684864554,29380.73827740373
3923,27486.69144801757,27944.63068490567,29380.738277453544
3922,27486.691448124766,27944.630684906762,29380.738277365348
3928,27486.651476305655,27944.63068359858,29380.738276749962
3926,27486.691447942736,27944.63068288001,29380.73827673955
3929,27486.6514765198,27903.819878364367,29380.73827741276
3927,27486.691447938196,27944.630682879895,29380.738276662618
3931,27473.802683990834,27903.442181004713,29380.738276568947
3930,27486.65147567106,27903.819866258338,29380.7382769208
3932,27361.376520542402,27900.197256027088,29363.68670221388
3933,27361.376521268132,27862.848700975886,29363.686702200972
3936,27361.376526974687,27822.900717263496,29363.68670171495
3934,27361.376527053428,27823.55822172528,29363.68670173046
3935,27361.376527139564,27823.558221629486,29363.686701756444
3937,27361.376527028402,27822.900717466342,29363.686701732317
3938,27361.376526970267,27822.900717263547,29363.686701728664
3939,27361.37652697055,27822.90071726365,29363.686701754206
3940,27361.376526987704,27742.965129839547,29363.686703365373
3941,27361.37652754479,27742.96513178123,29363.686702219547
3942,27361.376527545428,27742.9651317816,29363.686702192022
3943,27202.81800455797,27736.34495785578,29334.431155742546
3944,27202.81801126116,27736.344957835707,29334.43115580472
3945,27202.81801030824,25167.02131000896,29334.431156051593
3946,27202.8467600188,25167.025496053673,29334.4311559752
3947,27202.84675386163,25167.02549579746,29334.43115603456
3948,27203.111197257684,25167.06373408292,29334.4311560415
3950,27190.447577828956,25167.063594984,29334.4311560231
3949,27203.111197384795,25167.06373251616,29334.43115607836
3951,27377.220382237432,25172.482469593713,29360.90153140182
3954,28353.022485647998,28922.94600963628,29560.789677513498
3952,27377.220381167346,3988.169685646453,29360.901530869127
3953,28353.07462056364,28922.990540309704,29560.78967748787
3955,28353.0224860869,28917.41773517354,29560.78967729785
3956,28353.02248608692,28917.417735173545,29560.78967729982
3957,28353.022485040314,28834.23472860527,29560.789677429482
3958,28353.022486601032,28808.524233776734,29560.789677491128
3961,28409.04452367066,28236.55223184491,29588.72810611417
3959,28409.044515654186,28814.80097985753,29588.728106156683
3960,28409.044515654186,28814.80097985753,29588.728106156683
3962,28409.04452367066,28236.55223184491,29588.72810611417
3963,23242.47124268675,28187.373947309752,29588.728105198366
3965,23242.725567615264,28187.38727267649,29600.09576812115
3964,23242.72557032852,28187.3872679005,29588.728105199425
3966,23242.72571839283,28187.387272719916,29600.095768141982
3968,22533.046606419965,28182.77490580127,29579.193917624372
3967,22533.04660454674,28182.77490005891,29579.193917622557
3969,22527.46198702933,28182.774853761344,29579.19391781988
3970,22677.56650383961,28205.8792210717,29579.19391841691
3971,22677.566506410774,28322.319004224784,29579.193918420497
3972,22676.52872042059,28322.29604921541,29579.19391838442
3973,22676.57297178535,28322.29835076034,29579.19391838159
3974,22676.47988718775,28322.28179022978,29579.193918418732
3975,22676.47989449906,28320.11690509018,29579.193918380915
3976,22676.479895469587,28535.58719657064,29579.193919261896
3977,22349.12481798962,28532.85698660976,29564.27248856535
3978,28620.20709339741,28534.38443779295,29564.27248828721
3979,28620.207093282486,28534.384437265297,29564.2724883048
3980,28620.207093282486,28534.384437265297,29564.2724883048
3981,28620.207093282515,28534.384437265326,29564.272488304687
3982,28620.207093282515,28534.384437265326,29564.272488304687
3986,28663.240471585894,28538.59798024228,29588.792281181515
3985,28663.24047124821,28538.59798003173,29588.79228117352
3984,28629.29219475154,28534.74876955414,29564.27248859535
3983,28620.207090953758,28534.747361676265,29564.272488298382
3988,28663.240471584744,28538.597980241284,29588.792281163478
3987,28663.24047158593,28538.597980242106,29588.792281156173
3989,28666.079680852385,28538.599766699972,29588.79228120971
3990,28666.07967836365,28521.583051078727,29588.79228116474
3993,28666.079680611583,27341.261612094248,29588.792281299106
3992,28666.07968061154,27341.261612065817,29588.79228130506
3991,28666.079680636052,28485.487544992804,29588.792281511014
3994,28635.545740160473,27336.683240725866,29565.390262210363
3996,28635.54574095778,27375.646427979693,29375.33249783326
3998,28635.545740957736,27375.646427968568,29375.33249781672
3995,28635.545740632144,27375.646423903814,29565.39026220272
3997,28635.54574095776,27375.64642797679,29375.332497804735
4000,28600.939117745613,27375.641797781027,29375.33249762939
3999,28600.937055512382,27375.640341978684,29375.332497623396
4002,28600.939122286538,27375.641797817443,29375.332497636155
4001,28600.93911774575,27375.641798028148,29375.33249759391
4003,28600.939122131975,27375.641797915127,29375.33249757339
4004,28600.93912213201,27375.641797915006,29375.332497651674
4006,28600.939115547706,27375.64179516049,29375.332497612406
4005,28600.93912213202,27375.64179745453,29375.33249764581
4007,28600.939114470457,27375.641795275824,29375.33249764641
4009,28600.939114607572,26717.296547486643,29375.3324969426
4010,28600.93911460757,26717.296547483893,29375.332496937535
4008,28600.939114470475,27375.641795282583,29375.332497657844
4011,28600.93911365491,26717.296550071133,29375.332497008658
4012,28889.61972077375,29017.360214113007,29531.35820914241
4014,28904.144184801607,29019.194640392627,29541.140168695205
4013,28904.144184524877,29019.19463808625,29541.140168681362
4015,28904.14418480154,29019.19464039262,29541.14016870025
4016,28904.144184601595,29019.19463631921,29541.140168689162
4018,28904.14418431515,29040.973124072043,29541.140168282378
4017,28904.144184103796,29040.973124272987,29541.14016829005
4019,28904.144184315213,29040.973124072054,29541.140168272774
4022,28904.161043346423,28982.111726856423,28091.196479816885
4020,28904.14418450428,28981.979713056346,29541.14016834676
4021,28904.16104310629,28982.111724994153,29541.140168402177
4023,28864.50685585603,28978.849108697537,27990.785709601794
4024,28864.50685547541,28978.849108135808,27990.78570857455
4025,28864.506855475323,28978.84910806865,27990.785708300235
4027,28865.910230715097,28515.80980952424,27990.785707603056
4026,28865.910236348132,28984.891015858888,27990.785709135605
4028,28865.910227032084,28462.278609460147,27990.78570943287
4029,28865.89821200296,28462.169080809697,27990.785708338488
4030,28865.898211582746,28417.158688382406,27990.78570939904
4031,28865.898211582728,28417.158688382406,27990.78570939904
4032,28865.898212665885,28468.182414650182,27990.785708384767
4033,28865.898209292962,28457.030291930758,27990.785708508287
4034,28865.898209305247,28457.030291505696,27990.785709741584
4035,28865.898208917242,28377.181301950608,27990.785709837804
4036,27282.141382711823,28377.09999620091,27990.785708933327
4038,682.8631995356894,28238.47166946472,27990.785709462758
4037,27282.141382693226,28377.09999620082,27990.78570897761
4039,682.8631995227795,28238.47166671072,27990.78570705926
4040,682.8631995239758,28238.47167162907,27990.785706671966
4041,677.4342599485573,28238.47155629482,27990.785704112106
4043,678.2953378926048,28238.471577034594,27990.785709099946
4042,678.2953378886402,28238.47158138854,27990.785706814015
4044,678.2953378926373,28238.471577040873,27990.785707422976
4045,678.2819748282545,28238.408825929575,27990.785706700586
4046,678.2819748282491,28238.408825930055,27990.78570670088
4048,649.8733511360174,27822.464567081162,27855.550082131907
4047,649.8733511630749,28225.36408125527,27855.55006970888
4049,649.8733511382401,27822.464567223727,27855.550081194655
4050,608.7079433932812,27799.680369051828,27586.88097876651
4051,643.6881535006071,27817.586023722193,27817.92169648165
4052,645.3056657589783,27817.58763721527,27817.921696785223
4053,645.3056657884463,28052.827046793387,27817.921691485302
4056,645.3056658355658,24896.221828867332,27817.92166856544
4054,645.3056658274994,24901.152798878185,27817.92167048937
4055,645.3056658272649,24896.22181688685,27817.92167070049
4057,645.305665820123,24896.22182589771,27817.921672931123
4059,669.394851560116,24896.233209742903,27817.921671085838
4058,669.3948515790664,24896.23321249713,27817.921670095264
4061,669.3948515534033,24896.23320694208,26189.01135303462
4060,669.3948515534033,24896.23320694208,26189.01135303462
4062,669.3948515516079,24896.233209646154,26189.011355917188
4063,669.3948515523654,24896.233211494393,26189.011356008203
4065,669.3948515359938,24896.233205388788,26189.011355982904
4064,669.3948515351804,24896.233203493477,26189.01137388406
4066,669.3948515364049,24896.23320467627,26189.011356176758
4067,669.4232524003136,24896.51965481433,26189.011352350957
4068,669.4232524075214,24906.43539041083,26189.01135722257
4070,669.3368370157854,24906.4199435163,26189.011379163494
4071,27854.361373936204,593.7832748044926,26870.19238153725
4069,669.397238585072,24906.42982249568,26189.011356838528
4072,27854.361373936397,593.7832748044424,26870.192381537236
4073,27801.732506198256,593.7818466909039,26870.19238088185
4074,27801.73250619827,593.7818466904439,26870.192380633925
4075,27801.73250695665,593.7818465986909,26870.19237619768
4076,27801.732511768423,593.781846394586,26870.19237814256
4077,27801.73250980943,593.7818464073383,26870.19238142323
4078,28841.662422061374,594.0768311068232,26870.192377517284
4079,28841.66242205885,594.0768311069478,26870.192377621956
4080,28841.66242206927,594.0768313636271,26870.192377328982
4081,28841.662422002453,631.2234370123192,26870.19237755685
4082,28839.361679058173,631.223409695957,26870.192369010023
4083,28839.361679417736,631.2234096101561,26870.19237765693
4086,28806.027184153692,27221.42015854071,26735.765088447944
4084,28806.02718270133,631.1311674214566,26735.76509262236
4085,28806.02718551936,631.131167388485,26735.765093646794
4087,28806.027186434054,27221.420161382506,26735.765089471795
4089,28748.987067270064,27217.774256263714,26460.801539091895
4090,28748.987067072765,26985.38271811063,26460.801560082495
4091,28749.82291449314,26985.38323090857,26460.801555107653
4088,28806.021956584867,27221.3797889309,26735.765094404494
4092,28749.822912995085,27216.26234955762,26460.80154389033
4093,28749.82291370733,27247.368162160205,26460.801556184684
4095,28749.822913096374,27254.087225898373,26460.801556607705
4094,28749.822913659566,27247.368162566585,26460.801548026277
4096,28750.023773456098,27254.087257157094,26460.801556623686
4098,28654.180011729182,27251.530728650614,26008.363524659027
4099,28654.180008271993,27915.816200996953,26008.36354954695
4097,28654.180011728742,27251.53073118875,26008.3635117772
4100,28654.180009913427,27915.81619863752,26008.363524120206
4103,28654.079479129192,27743.83814249388,26008.363533840115
4102,28654.139394006314,27744.08949126707,26008.363525697838
4101,28654.18000841932,27744.35651594454,26008.36354194433
4104,28654.079479066662,27743.838142719007,26008.363534546013
4105,28654.07948580586,27743.838142563232,26008.36355569738
4106,28654.079486720308,27743.83814419037,29416.67848252634
4107,28654.07948665193,28194.28933607174,29416.678482672512
4108,28471.90437848479,28176.810660700663,29273.676161787404
4109,28471.904369808522,28176.810658496925,29273.676161074098
4111,28471.904373539357,28229.150719711113,29273.676160944407
4110,28471.904369808522,28176.810658496925,29273.676161074098
4113,28471.904373714548,28229.150719780708,29273.676160911127
4112,28471.904373714533,28229.15071978073,29273.676160882856
4114,28471.904370405406,28229.15071809435,29307.00248153082
4115,28471.904371932193,28325.119966344253,29307.00248156729
4116,28467.518983767175,28319.34021793313,29307.00248155552
4117,28467.5320187221,28319.360173979574,29307.00248109819
4118,28303.159889227973,28314.770680237547,29177.51514736462
4119,28303.15988965317,28345.511403175966,29177.51515002187
4120,28303.159884981676,28857.761079730826,29177.515150248644
4121,28303.15988498755,28857.761079764954,29177.515150250296
4123,28912.954023433216,28858.062436874658,29177.515150128318
4122,28303.159884986675,28857.761079764954,29177.515150264033
4124,28912.954023332684,28858.062438445475,29177.51515000038
4125,28912.954023332615,28858.062438445464,29177.515149988776
4126,28913.01940651691,28858.066223879803,29177.515150081614
4127,28912.96048219909,28858.061329595814,29177.5151500266
4128,28912.9604821991,28858.06132959579,29177.51515002658
4129,28912.960482198825,28858.061329595836,29177.51515005641
4130,27402.487217322574,28627.481185075223,29539.906778926605
4132,27402.487217674738,28610.620961756962,29539.906779414778
4131,27402.48721867787,28621.12614465211,29539.906779311685
4133,27402.487217123566,28611.18060921385,29539.906779289602
4134,27402.48721825414,28611.180608007726,29539.906779286317
4135,27402.48721802337,28611.180608007795,29539.9067792913
4136,27402.54145229554,28611.34313554517,29539.9067793053
4137,27515.903948280196,28614.590175977926,29558.338972529527
4138,27515.903948799205,28614.590171229123,29558.338972593192
4140,27511.571014794605,28614.58912973731,29558.33897233478
4139,27511.571023292126,28614.589129735978,29558.338972185098
4141,27511.571014794605,28614.58912973731,29558.33897233478
4143,27511.571023445314,28614.589133591115,29558.338972563484
4142,27511.571021068507,28614.589133942925,29558.338972526737
4144,27511.57102396505,28423.080598586595,29558.33897201223
4146,27511.57102182337,28789.022995884894,29558.338971892736
4145,27511.57102269764,28384.2758538637,29558.338971921177
4147,27511.571021305863,28789.02299153849,29558.338971894125
4148,27511.571020441726,28731.571959553065,29558.33897188071
4150,27511.571019373696,28731.571959552828,29558.338971882484
4149,27511.571019373725,28731.571959552828,29558.338971882484
4151,736.2597512259797,28686.079230858293,29558.338972007186
4152,736.1854230839267,28685.26279396851,29558.338971749792
4156,743.0027653319876,28686.95150774697,29566.54877537095
4154,736.1838853068101,28685.24434246478,29558.33897172526
4155,743.0027653152148,28686.951508472503,29566.548775717903
4153,736.1854230842164,28685.262793968104,29558.33897173035
4157,743.0027652946335,28726.625793375297,29566.54877525776
4160,743.0053505854239,28705.29870342895,29549.40214281281
4159,743.0053505897082,28705.298702271117,29566.548775207517
4158,743.0053505873462,28726.62591706728,29566.548775309813
4163,743.0053505853523,28705.29870342882,29549.40214279702
4161,743.0053505853531,28705.298703428813,29549.402142797026
4162,743.0053505853531,28705.298703428813,29549.402142797026
4164,743.0053505852791,28705.29870342872,29549.402142802337
4165,743.0053505861015,28705.298703428736,29549.4021429009
4166,743.0053505817732,28705.298704725898,29549.402142878625
4168,28288.437795396218,28708.847924569163,29549.402143631385
4167,743.0053505855096,28705.298702708307,29549.402143200823
4169,28288.43779658321,28708.847924570415,29549.40214362061
4170,28279.07244065634,28708.845284595165,29549.402143575913
4171,28279.072440552576,28712.657741344898,29549.40214361595
4172,28279.072440552576,28712.657741344898,29549.40214361595
4173,28243.800398152707,28709.62665729726,29533.47561204041
4176,28243.80039138953,28709.626659307123,27628.38157331611
4175,28243.80039138861,28709.626659307112,27628.38157331584
4174,28243.80039163189,28709.626657296863,29533.47561204247
4180,28208.08855097308,26907.769698825967,27635.68197957369
4178,28246.497988901057,28709.62865037033,27635.6819799053
4179,28246.49799392998,26976.412126879128,27635.68198011041
4177,28204.96349443873,28705.85654849111,27533.26315597936
4181,28208.08855063771,26907.76969855251,27635.681979821067
4182,28208.08855063771,26907.76969855251,27635.681979821067
4183,28208.088553033987,26819.118886768767,27635.681979689456
4184,28208.129921075983,26819.132996199485,27635.681979666253
4185,28208.12991898213,26535.84956790495,27635.68197935664
4186,28208.235810896254,26535.936877523643,27635.68197943316
4188,28192.718662866035,26535.934609042823,27635.68197994156
4187,28188.60739722913,26535.92988547281,27635.681979480614
4189,28828.040817488785,601.0883107336906,29336.849766795247
4191,28820.57573494468,601.0883071872258,29336.84976578076
4190,28828.04081786488,601.0883105942742,29336.849766762556
4192,28820.575734127204,601.0883074155042,29336.84976559553
4193,28707.95239606731,600.9950061509351,29245.298506886338
4194,28707.95239778206,600.9950060208322,29245.298507045536
4195,28804.630490964377,601.0764249741021,29326.171136438665
4196,28804.63049098485,24831.272296882205,29326.171136045734
4199,28836.52234660477,24831.875083886014,29326.17113495989
4198,28810.067323856507,24831.27239902177,29326.17113609104
4197,28804.63049098485,24831.272296882205,29326.171136045734
4200,28836.522346489466,25588.108596113925,29326.17113553282
4202,28836.522346427755,25556.71636699524,29326.17113667909
4201,28836.522346427795,25556.716361449842,29326.17113668796
4203,28836.52234650899,25556.71636739932,29326.17113673871
4204,28836.684694792177,25556.73104723416,29326.171137339166
4205,28802.396728086336,25556.72627536124,29326.171136830664
4207,28802.39672809161,25514.540909223855,29326.171137770736
4206,28802.39672809175,25514.54090837976,29326.171137700985
4209,28832.14864843526,27412.731719420266,29348.20741068507
4211,26918.693230654382,27403.788278920678,29304.413424223174
4208,28802.396729058546,27407.517999218915,29326.171137432717
4210,28770.27385043489,27403.88672539322,29304.41342498063
4212,26918.693231450114,27403.788304120244,29304.41342418151
4213,26918.6932308254,27403.788279673667,29304.413424182418
4214,26918.71635246988,27403.807286738152,29304.413423987924
4215,27206.703544092645,27415.32757927282,29358.086623638897
4216,27206.70354476832,27415.327583100385,29358.086623862488
4217,27206.703543497562,27348.988663251257,29358.086624396958
4218,27206.7035449587,27348.9886754983,29543.705454364295
4219,27206.70354561062,27348.988675516062,29543.705454357947
4220,27206.703545760043,27348.9886743182,29543.705454390976
4222,670.8863152514655,27188.722087868045,29543.705454416206
4223,670.8863152514659,27188.72208786808,29543.70545441234
4221,27206.703544618616,27348.9886516207,29543.705454340132
4224,670.8863152552873,27188.722093584445,29543.705454328683
4227,670.8863152486635,27188.722097879483,29543.70545408331
4225,670.8863152404053,27188.722086977417,29543.705454303126
4226,670.8863152575115,27188.722089012637,29543.70545399678
4228,670.8863152486606,27188.72209787286,29543.70545409824
4231,662.641881115416,27469.95644129763,29529.607871532164
4229,662.6418810753853,27188.72163643084,29543.70545409756
4230,662.6418811069094,27469.95644504466,29543.705454348077
4232,662.6402991079467,27469.9540027485,29529.607871632747
4234,662.6122646650779,27469.101332705315,29529.607871876757
4233,662.640299107902,27469.954002724193,29529.60787163277
4235,662.6122647800155,27469.101336482767,29529.607871888285
4236,662.6089069980549,27469.100070802746,29529.607871888846
4237,662.6089069834302,27469.100088777646,29529.60787175154
4239,662.6089069697068,26851.484319410243,29529.607871781816
4238,662.6089068220621,26851.484289549808,29529.607871771914
4241,662.6089068129646,26956.447489942188,29529.60787165658
4240,662.6089068129661,26956.447489942195,29529.607871656626
4242,662.6089070405578,28739.737507919537,29529.607871852553
4243,662.6089070340436,28739.084322698196,29529.607871813616
4244,662.6089069474599,28743.436989496586,29529.607871846303
4245,662.6180357153955,28743.44097923807,29529.60787176631
4246,662.6180357149653,28743.44097923809,29529.607871797707
4247,662.6180357920789,28742.164926369776,29529.607871803943
4249,29073.209293772175,626.9061524636356,27236.05433544879
4248,29073.209298717527,626.9061524929717,27236.054351704697
4250,29073.286476706613,626.9072016704738,27236.054350851144
4251,29073.28648020749,626.9072016432015,27236.054353845197
4252,29073.286475841727,25572.521482857937,27236.054353674976
4253,29081.111099392943,25572.535563049205,27236.05435277754
4254,29081.1110994112,25572.53556150644,27236.054352779356
4255,29081.11110192043,25572.535573394507,27236.05435298744
4257,29114.62645986122,25577.907293883356,27431.911027387876
4256,29114.626459795934,25577.907292706223,27431.91101506956
4258,29114.626459861232,25577.907293883356,27431.911027387876
4259,29114.626459414798,25577.90729833788,27431.91102740212
4260,29114.62645892212,25595.462509471563,27431.911029747
4261,29114.62645662827,25595.46252848646,29498.53829435636
4262,29138.36394200354,25598.418158430177,29525.230555790808
4263,28827.6276553113,25551.948277393145,29525.23055630253
4264,28827.808966903693,25552.340949087367,29525.230556054543
4265,28827.80896661356,25552.340970926278,29525.230556030547
4266,28827.80896661349,25552.340981722133,29525.23055609411
4267,28827.80896661515,25519.927317774975,29525.230556080038
4268,28827.80896661515,25519.927317774975,29525.230556080038
4269,28830.052579262534,25519.92796638569,29525.23055611118
4270,28830.052579844254,25519.927963807404,29543.243299745795
4271,28802.44985826374,25516.072359415626,29512.651542323118
4272,28802.4498584801,25516.07236184507,29512.65154230685
4273,28802.44985848011,25516.072341730287,29512.651542306856
4275,28802.449855308896,25516.07231285955,29512.651543119253
4274,28802.44985809897,25516.07237072473,29512.651542281958
4276,28802.449855309016,25516.07231184617,29512.651543116655
4277,28802.4498553092,25516.07237655306,29512.65154313693
4278,28802.4498553409,25278.941829546948,29512.65154306474
4280,28816.239808282797,25285.996595049393,29512.651542556607
4279,28816.239808215116,25285.99659456845,29512.651542470187
4281,28816.23980828277,25285.996592536474,29512.651542575695
4283,28779.195805106807,25273.759136538865,29512.651542155298
4282,28779.19580495185,25285.939448374414,29512.651542924406
4284,28779.195805106807,25273.75913335443,29512.651542186926
4285,28779.195804730552,25280.65190460022,29512.651542217514
4286,28813.17216482413,25289.01443073766,29539.688297504206
4287,28813.17216491563,25143.56935943519,29539.688297521796
4288,25802.574237873974,25143.035706881237,29539.68829818323
4291,25802.57423644617,27647.86862317766,29539.68829815704
4289,25802.574239281195,28113.96250209147,29539.688298159854
4290,25802.57423822587,28113.962502091465,29539.688298128058
4292,25802.52960402549,27647.866201534416,29539.688298122717
4294,25802.95131831961,27647.876724865215,29539.688298302437
4293,25802.52960402549,27647.866201534416,29539.688298122717
4295,25802.951218116414,27647.876722717374,29539.68829830581
4296,25880.149448749624,27650.55119757844,29550.73780464321
4297,25880.14945287373,27650.551197063756,29550.737804785596
4298,25880.110898178056,27650.54454091202,29550.737804758024
4299,25880.110889433752,27650.54454315947,29550.73780475067
4300,25880.110897134524,27812.33003680111,29550.73780477664
4301,25880.110940116858,27812.330039695767,29550.737804759814
4303,25770.26265200282,28505.615704234544,29550.73780469105
4302,25880.110936619054,28505.61919527142,29550.737804784723
4304,25770.2626253204,28478.500581194497,29550.737804714365
4305,25770.262624733557,28446.345421014295,29550.73780469096
4307,27853.548894751497,27066.194637703014,29600.97688579448
4306,25770.289377149005,28446.46529162182,29550.737804542296
4308,27853.548903348074,27066.19463828491,29600.976885813634
4309,27797.87894311239,27064.824672786497,29600.97688570986
4310,27797.878942877178,27064.82467224272,29600.976885693763
4311,27797.878944701068,27064.824671659262,29600.97688571269
4312,27797.878944580712,27104.012504322458,29600.97688572466
4315,27763.461109053624,27102.613210116273,29578.94381870798
4314,27763.461109030297,27102.613210722902,29591.279712415337
4313,27763.6542102053,27102.61500771017,29591.27971243017
4316,27763.46110939826,27102.613209632946,29578.943818472526
4317,28990.608971636997,27102.625246584656,29578.94381825738
4319,28990.60897184954,27210.177925529686,29578.943818244123
4318,28990.608971849477,27102.625248895853,29578.943818254425
4320,28990.60897184954,27210.177925529686,29578.943818244123
4321,28990.608971849455,27210.177908831698,29578.94381825612
4322,28990.608971894457,27210.17792250809,29578.9438182472
4323,29013.128497198762,27211.734375651053,29598.36205153555
4324,29013.12849719974,27211.734372757255,29598.36205152953
4325,29010.611231971034,27211.734351390987,29598.362051488955
4326,29249.199677227516,27228.30490780034,29598.36205156007
4328,29223.545578382913,27266.37497278345,29569.166548400448
4327,29249.19967414118,27269.921025059804,29598.362051525342
4330,29223.545578382782,27266.374972774523,29569.166548409157
4329,29223.545578382716,27266.374972773556,29569.16654843227
4331,29223.545578376077,27266.374974001497,29569.166548421883
4332,29223.54558116733,27266.374967492768,29361.35175969894
4333,29223.536132780828,27266.37490371873,29361.35175967309
4335,29224.93159836321,27266.374919741214,29361.35175971547
4334,29224.931598363302,27266.37491826008,29361.351759716366
4336,29224.931598357165,27116.301261408975,29361.351759787747
4337,29224.93159833623,27116.30126110013,29361.351759759124
4339,29224.931598338604,28454.98279171477,29361.351758884033
4338,29224.931598354116,27116.301259565098,29361.351759792058
4340,29224.93159834323,28013.31819372851,29361.351758981415
4341,29224.931598378273,28013.31819488158,29361.351758967616
4342,29228.75817173217,28013.318205351068,29361.351758408877
4343,29228.75817172804,28013.318205322634,29361.3517584089
4344,29228.797441105176,28013.31853604382,29361.35175923928
4346,29228.78306355935,27846.529915678424,29361.351759581314
4345,29228.797441093768,27846.53035041026,29361.351759575988
4347,29228.783063558745,27846.529916809002,29361.3517595816
4348,29228.759882011942,27846.529265404104,29361.351759590234
4349,29228.759882054317,27847.239974042146,29361.351759381745
4350,29232.149163816062,27847.24241405668,29361.351760197664
4351,29210.238830273644,27845.51222175365,29338.247919951722
4352,29210.238830270024,28481.62386297081,29338.24792082714
4353,29210.238830108075,28481.623857347488,29338.247920776914
4354,29210.238830114067,28501.639180367943,29338.24792083233
4355,29210.23883011408,28501.63918036795,29338.247920832324
4356,29177.139005870285,28499.395734210808,29300.920205442388
4358,29177.13900590502,28474.333437831236,29300.920205480896
4357,29177.139005905425,28474.3334378313,29300.920205481198
4359,29177.13900590501,28474.33343783124,29300.920205480907
4360,29177.13900590509,28474.33343782997,29300.92020548095
4361,29177.139005878467,28440.344000887373,29300.92020569585
4362,29177.139005950536,28440.344006423227,29300.92020491381
4363,29177.033665319497,28440.337329894908,29300.920205026057
4365,29177.033665364346,28602.69001167873,29300.9202052513
4364,29177.033665364223,28602.690011678642,29300.920205251197
4366,28833.89631743997,28727.176846630868,29533.34925377142
4367,28806.058924049605,28724.483655037773,29509.03800246465
4369,28719.967316111626,26848.81042204504,29430.12534289193
4368,28719.96731593603,28717.74591714149,29430.125343003354
4370,28719.967316112303,26848.810420918417,29430.12534291541
4373,28719.631100882576,26847.54815903276,29406.712035728757
4371,28719.63110087518,26847.54816127984,29430.125343131484
4372,28719.63110087886,26847.548159919163,29406.712036082856
4374,28719.631100882347,26847.548158670055,29406.7120357496
4376,28719.631100061622,26847.54816017064,29406.712035896722
4375,28719.63110006194,26847.548159166447,29406.712035885874
4378,28776.743290297185,26847.717387550772,29225.715583985653
4377,28776.743290415634,26847.717386557964,29406.71203565306
4379,28776.743290301798,27533.39878580796,29225.715584072863
4380,28787.67014808805,27533.437963951234,29225.71558331689
4381,28786.883623724596,27531.83133205676,29225.71558369273
4382,28786.88362857385,27531.831331793288,29225.715583016383
4383,28790.942419593564,27531.916563380015,29225.71558384943
4384,28791.064915341372,27531.963229326928,29225.715583851197
4385,28791.064915296338,27535.48081825165,29225.71558391092
4386,28791.064915211504,27535.480820525663,29225.715583960093
4387,28791.064915211522,27535.48082053251,29225.715583960082
4389,28791.22175815178,27524.812064909725,29225.71558280659
4388,28791.06491529091,27524.75132785204,29225.715582830555
4390,28791.22175809562,27524.812061715846,29225.715583054156
4391,28791.22175795905,1008.4661879005571,29225.71558363185
4392,28791.221757934083,1010.3364004463745,29225.715582954897
4393,28869.47741692346,1010.6486433702901,29317.522292616635
4394,28869.47741662169,997.4033858203074,29317.522291721347
4395,28869.477416623806,997.4033858483381,29317.522291719655
4397,28869.477416812388,1042.8474084835057,29317.52229247499
4396,28869.477416878195,997.4033858869739,29317.52229263474
4398,28869.477416812744,1042.8474084948234,29317.522292439477
4399,28869.477416812744,1042.8474084948234,29317.522292439477
4400,28869.47741681289,1042.8474085067696,29317.52229245207
4402,28869.47741686862,1043.5672121378068,29317.522293037735
4401,28869.477416810132,1042.847408447822,29317.52229248206
4403,28869.477416868616,1043.56721213011,29317.52229307961
4404,27170.874464501474,1043.4831701110336,29317.52229202458
4405,27351.753836815904,1043.5737911154993,29349.587973161615
4406,27351.753837094962,1043.5737909802192,29349.58797313001
4408,27351.753837041586,1043.5737910905877,29349.58797316589
4407,27351.753837093675,1043.573790986308,29349.58797307896
4409,27351.753836480937,1043.573791246876,29349.587975466635
4410,27351.753835801912,1039.126775553253,29349.587975055958
4412,27351.791734227314,1039.1269474231735,29349.587975289858
4411,27351.67609732982,1039.1254440229418,29349.58797505644
4413,27351.791734354796,1039.1269478911881,29349.5879753346
4414,27338.543899367785,1038.9062695340983,29349.587974952577
4415,27338.543899270528,1038.1212873735997,29349.58797482305
4416,27338.543899270262,1038.1212873746565,29349.587974805203
4417,27443.594432265887,1038.1326093657844,29369.45577451237
4418,724.5114233188639,1037.7049923962923,29369.455774167785
4419,724.5114233035739,1037.7049923033082,29369.4557742335
4420,724.5114233503982,1038.794887993913,29369.4557749314
4421,724.5114233508189,1038.7948880388387,29369.455774928458
4422,724.7465958134844,1038.7948881234818,29369.455774911396
4423,724.7465957618949,1038.7948862353371,29369.455774872393
4424,724.7465957974696,1037.7413933662297,29369.455774522434
4425,28031.480031819192,28415.237907662617,29426.326471423134
4426,28031.48003181939,28415.237907662544,29426.326471405777
4428,28031.852733291955,28415.278576570337,29426.326471332006
4427,28031.480031809926,28415.237908338793,29426.326471406974
4429,28031.85273339101,28414.665011916608,29426.326471363136
4430,28031.85273339192,28414.665011916706,29426.326471410583
4431,28145.753972353203,28492.273339064384,29426.32647150785
4433,28145.75397234538,28492.273339064363,29426.326471509834
4432,28145.75397234538,28492.273339064363,29426.32647150984
4434,28145.75397204999,28230.33915041223,29426.32647093687
4437,28177.11169494926,28235.380635727175,27806.83233038031
4435,28145.963062632847,28230.742678838076,29426.326471399356
4436,28177.111695649102,28235.380637177925,29462.581131582723
4438,28177.111695005195,28235.73391394204,27806.832330502828
4439,28178.503796133657,28237.671504887807,27806.832331048667
4440,28178.503796114615,28237.671504887818,27806.83233104881
4441,680.0210762242993,28233.954960163217,27806.832330512163
4442,680.0210762021393,28233.95495245608,27806.832326040247
4443,680.0210762519035,28233.95496438416,27806.83233060513
4444,680.0210762695856,28233.954962762342,26153.970339868145
4445,680.021076300146,28233.9549571733,26153.97033930505
4446,27065.347517254122,28278.165742833313,26153.97033949909
4447,27065.347517521684,28278.16573729278,26153.97033989082
4448,27065.34751767222,28084.505478138184,26153.97033997672
4449,27065.347517521073,28084.505478138177,26153.97033988293
4450,27065.347517521073,28084.505478138177,26153.97033988293
4451,27032.418019756253,28084.50196131885,26153.970340076397
4452,27032.41801884953,28084.50196208924,26153.970340324406
4453,27032.41801635946,28785.823213482414,26153.970337807918
4454,27241.39154910869,28793.40047072895,26488.109349303144
4455,27241.391539885182,28848.735781748066,26488.109349122577
4457,27241.391536276882,28912.190461026155,26488.109347269612
4456,27241.391542474892,28848.735781748004,26488.109350323986
4458,27241.39153558018,28912.19045871846,26488.109350468847
4459,27239.155101875614,28912.190441321247,26488.109347395824
4460,27239.155119025607,28912.19044132129,26488.10934877645
4461,27239.155112905413,28912.190441321316,26488.109348756552
4462,27239.15511347077,28879.269178957882,26488.109347365382
4463,27239.10240184745,28879.263668373624,26488.10934744242
4464,27239.102401925516,28873.09555478872,26488.10934789373
4467,27245.26491708643,28777.427280530097,26488.109349980507
4465,27245.264912188617,28873.095612873076,26488.109349185914
4466,27245.26491799415,28777.427277766277,26488.109350589017
4468,27396.828473910904,28781.567180184462,26725.1250569479
4469,27396.828481435412,28781.567180184582,26725.12505907979
4470,27396.828481435412,28781.567180184582,26725.12505907979
4471,27387.155291953408,28781.56703732014,26725.12505725731
4472,27387.155291917414,28781.56703732023,26725.12505771444
4474,27387.18628353502,28664.219539531594,26725.125058448342
4473,27387.186283574883,28781.567153593613,26725.125058530324
4475,27387.18628229021,28664.21953715225,26725.125058326244
4476,27387.18628228932,28664.21953715226,26725.12505830254
4478,27387.186283259045,28819.920245259582,26725.125058388643
4477,27387.186282359533,28664.219537152436,26725.125058988946
4479,27387.186281809147,28819.92024619422,26725.12505912518
4480,27387.186283163817,28626.317614599408,26725.125059611644
4481,27387.157969146545,28626.298085592905,26725.125060746694
4482,27504.496437034817,28626.726658946995,26899.833688422776
4483,27573.661531732643,28627.106372542687,26999.73249942269
4484,29088.3981286224,27482.165184001264,29471.976332648315
4485,29088.39812869348,22665.856871110827,29471.976333124287
4487,29091.12054000334,22665.8577827646,29471.976333212224
4486,29088.398128693454,22665.856927284854,29471.976333127248
4488,29091.12054206556,22665.857773950793,29471.97633321907
4489,29091.120542377983,22435.59970726018,29471.976333184182
4490,29091.120542378056,22435.5996805821,29471.976333176004
4491,29091.12054361024,22454.218064163462,29471.976332971906
4492,29091.12054090623,22406.59825314684,29471.976332489845
4493,29020.833110262654,22401.782069345572,29340.290089663697
4494,29020.83311026086,22401.782068315017,29340.290089689515
4495,29025.908471372055,22401.81326818657,29340.29009041597
4497,29025.908471553535,527.4561230081883,29340.290089450955
4498,29025.56412109919,527.4535156733685,29340.290089324826
4496,29025.90847155377,527.4561229912401,29340.290089427366
4499,29025.564121270436,527.4535157693257,29308.756659049395
4501,29025.564121386382,26232.747540002958,29308.756659180828
4500,29025.564121386735,26232.747539087395,29308.756659220544
4502,29025.858997595646,26232.886105808277,29308.756659712963
4503,29079.71404482168,26236.32887157368,29424.015328685018
4504,29079.71404482166,26236.328849630983,29424.015328683978
4506,29114.386130860512,26239.044377780527,29481.666248316935
4505,29079.714048748003,26236.32885157184,29424.015328538226
4507,29114.386130859406,26239.044375598645,29481.666248302274
4509,29114.38613102478,26142.643251749218,29481.666247709007
4508,29114.386130859384,26239.04437841489,29481.666248321202
4510,29114.3861308655,26083.00812146886,29481.666247725025
4512,29114.386130871026,26083.00812895371,29481.66624772139
4511,29114.386130871004,26083.008128953734,29481.666247721398
4514,29114.386130871273,26083.00813224267,29481.666247721732
4513,29114.38613086977,26083.008132399646,29481.666247728594
4515,29098.478987748997,26079.052767129037,29456.3472770539
4516,29098.48978832481,26079.06188720328,29456.347277002096
4517,29131.334964003916,26086.7438135832,29505.65392010515
4518,29131.334964060123,25922.05882442327,29505.65392006898
4519,29131.334964060567,25922.058788116443,29505.653920044457
4520,29124.490863771658,25906.423995934263,29505.65391959894
4521,29124.490863771658,25906.423995934263,29505.65391959894
4523,29124.490864027735,25906.424079001987,27488.944085794064
4522,29124.490863771647,25906.423995934263,29505.653919596716
4524,29124.490864049953,25906.424091227847,27488.944083996765
4525,29124.49086399092,21774.45919717318,27488.944085852105
4528,29124.581307901317,21830.71411841992,27488.944086524054
4526,29124.490863998122,21774.45922027862,27488.944086009225
4527,29124.49086398292,21830.693977970303,27488.944092917
4530,28443.226468067616,21942.629527022124,27488.944084646817
4531,28443.226468067656,21942.629525573262,27488.944084646817
4529,29124.58130787612,21943.11348952298,27488.944087247866
4532,28423.737359392944,21942.62216418983,27488.94408441624
4533,28423.763859171224,21942.806074112843,27488.94408427267
4534,28423.763846762835,21942.806081587507,27488.944085963456
4535,25612.98159014345,21856.039123116876,27488.944083898055
4536,25612.981590041112,21856.039118861892,27488.9440879124
4537,25612.98159021724,21856.03911573821,27488.94408769048
4539,25611.96140354619,20427.031227690066,27488.944098141645
4538,25612.981589919465,20427.265518979315,27488.944086445714
4540,25430.592204132678,20426.970881013098,27488.944088283
4541,25430.592196415215,20426.970768995812,27488.944088084558
4542,25430.592191242482,20426.97076447429,27488.944088083637
4543,29038.11557542619,1850.0351619257126,28282.357809287343
4544,29038.115575245472,1850.0351648492538,28282.3578018569
4545,29038.115575245218,1874.1873239843337,28282.35780185691
4547,29054.877159131516,1874.1891244863473,28282.357811839152
4546,29038.115575246025,1874.187336087854,28282.357801433653
4548,29054.87715911331,1874.1891271808433,28282.35781183919
4549,29054.87715909851,1874.1891271351028,29506.162849113498
4550,29054.87715930229,24400.369804740807,29506.162848963155
4553,29054.877159284733,24400.36978634182,29506.162848920318
4551,29054.877159302265,24400.369800300883,29506.16284893323
4552,29054.877159302265,24400.369800300883,29506.16284893323
4554,28283.13723866161,24399.315803544,29506.162848517703
4555,28155.799521776924,24394.101213841655,29457.149941027405
4557,28155.799543749647,24394.101380961554,29457.149941032025
4556,28155.799521776906,24394.101380571505,29457.14994100309
4558,28155.79954424846,24394.101385563896,29457.149940965446
4559,28155.79954461909,24500.088807820088,29457.149941504773
4560,28155.79954356893,24500.088811685862,29457.149941450716
4561,28155.799545191006,24500.088807389795,29457.14994120928
4565,28276.81975153663,24506.197845339466,29505.176759194335
4562,28155.799544908277,24500.088806137246,29457.149940992553
4563,28156.124867330207,24500.56967044047,29457.149941142783
4564,28276.844902839828,24506.21483278764,29505.1767592288
4568,28228.93977603211,24455.68386102317,29485.149978721216
4569,28228.939775492177,24455.683765522626,29485.149978754118
4566,28276.819753375872,24458.31253471684,29505.17675907076
4567,28228.939775940493,24455.68387827972,29485.149978760164
4570,28228.939776105166,24455.683782110296,29485.149978736605
4571,28228.939776105166,24455.683782110296,29485.149978736572
4572,28228.939775926738,24455.68386916391,29485.149978714333
4573,28228.939775784136,24455.68388046315,29485.14997876779
4575,28228.93977528534,24491.68651151791,29485.149978627545
4574,28228.939775628445,24491.686416124838,29485.14997858651
4576,28333.76781707211,24494.6529686109,29522.676220563488
4577,28328.407068175544,24490.912896808593,29522.676220894682
4579,28327.822264965143,24490.912764875196,29522.676220713973
4578,28328.40706837589,24490.912935044296,29522.676220693345
4580,28327.779240414486,24490.90948897736,29522.67622069222
4581,28327.779234752645,24490.90946661217,29522.676220717884
4583,28327.779234794518,15453.06558387618,29522.676220686364
4582,28327.779240819327,24432.164538327605,29522.676220695175
4584,28327.779234794518,15383.961803187041,29522.676220686364
4585,28327.779247373004,15383.96176646345,29522.67622137932
4587,28327.78457458157,14443.436502885837,29522.676221418427
4586,28327.78457475774,15383.962944541598,29522.67622140229
4588,28327.784574742363,27206.50962320901,29522.67622139044
4589,28327.849034127925,27206.68994371163,29522.676221398513
4590,28383.501922427866,27213.098876776778,29547.539341296553
4591,28383.501922756397,28418.094157360887,29547.539341288633
4593,28383.3600288414,28418.09414522765,29529.705865665797
4592,28383.360029588417,28418.094147052452,29547.53934130819
4595,28383.324698655506,28417.989969385377,29529.70586562457
4594,28383.32469842348,28417.989969132086,29529.705865633307
4596,23071.254527056517,28370.853097951644,29529.705865301687
4597,23071.25454483191,28370.853102237324,29529.705865311167
4598,23071.254532540457,28347.360308303883,29529.705865295757
4599,23071.254543006853,28342.01877253265,29529.705865305077
4602,25293.50070561535,27890.732653343766,26110.10400173901
4603,25597.369597608646,27895.43425799303,26482.414392021397
4600,23071.254555142244,28342.018771749317,29529.705865321976
4601,23116.733322759796,28342.019926140205,29529.705865306594
4604,25597.36959669663,28012.764523050875,26482.414390013793
4605,25701.97199758445,28015.43937436518,26596.498718062314
4606,25701.588120566987,28014.644381677415,26596.498714456313
4607,25702.417134156094,28014.746957637537,26596.498718257073
4608,25702.417134059662,28014.74695763756,26596.49871825707
4609,25702.417134356972,26907.026358458847,26596.498724323104
4610,28804.403899013334,26909.82321006548,26596.49872507024
4611,28804.403898916633,26909.823211922056,26596.498723919736
4612,28804.40389891654,26909.823211627237,26596.498723108773
4614,28804.349599287278,26919.043864884457,26596.49872296847
4613,28804.34959936983,26909.740104573713,26596.498722600423
4615,28804.34959922509,26919.04386478912,26596.498722823853
4616,28804.349599224905,26919.043864788837,26596.49872282447
4617,28804.349601025307,26886.87411659245,26596.498724612742
4618,28804.349604635125,26886.874117832383,26596.498723206703
4619,28804.349604404197,26886.874116978754,26596.498723180943
4620,28804.349604574774,26886.87411353536,26596.498724529873
4621,28763.63966542774,26880.097867256307,26263.25224190158
4622,28763.63966178552,26880.0978704078,26263.25224569931
4623,28808.81227950225,26887.40651904541,26635.164181929234
4625,28808.81227992611,26887.406517133975,29501.495244807833
4624,28808.812279926377,26887.40651713896,29501.495244791677
4626,28808.81227992721,26887.406517209674,29501.49524480138
4627,28792.64199464301,26838.6481230163,29501.49524415269
4628,28792.64199464356,26838.648117514454,29501.49524413806
4629,28792.64199464403,26838.64810032345,29501.495244148922
4631,28793.62954291771,26838.65139221862,29501.49524484478
4630,28792.64199464336,26838.648122851242,29501.49524416074
4632,28793.629542915332,28553.18964916519,29501.495244815647
4633,28793.629542915372,28553.18964917055,29501.495244780624
4634,28793.629542915372,28553.18964917054,29501.49524478062
4635,28793.6295430518,27762.992799847758,29501.49524478899
4636,28819.019961131955,27766.99094498739,29523.405298992664
4637,28795.555551917187,27766.887447693607,29523.40529889711
4638,28795.55555191725,27766.887447697452,29523.40529889436
4639,28795.88541251125,27766.887978805968,29523.40529925393
4640,28811.880463678073,27766.971412936487,29523.405298931506
4641,28811.861328516054,27765.972504405207,29523.405298926144
4642,28811.86132851604,27745.471606176157,29523.40529892574
4643,28811.861328516065,25270.798733261916,29523.405298942558
4644,28811.856701893747,25270.78238365188,29523.40529893561
4646,28811.856701893757,25270.782405527287,29523.405298931662
4645,28811.856701893747,25270.782379894168,29523.405298935715
4647,28811.856701770434,25270.78238823524,29523.405298920778
4648,28811.856699172276,25327.73475557953,29523.405298892387
4651,28811.85670123173,25229.03305481583,29541.03805088774
4649,28811.85670134784,25229.03305235647,29523.405298925325
4650,28811.85670134784,25229.03305235647,29523.405298925325
4652,28811.856698390184,25417.531819683245,29541.038050862815
4653,28811.856698391442,25423.071087282824,29541.03805084582
4654,28811.856698391417,25423.071083998824,29541.03805088743
4655,28811.856698379037,25426.473081413948,29541.038050878575
4656,28811.856698379055,25426.473081795895,29541.038050864274
4657,28811.851615078944,25426.44015251587,29541.038050877298
4658,28811.851615078987,25426.440155030727,29541.03805084123
4659,28811.851615078976,25426.44015570324,29541.038050841227
4660,29133.69418444443,25581.65432656568,29541.038050818064
4661,25763.31262232437,26467.686774326863,29379.782358281023
4663,25763.312624769147,26467.686776292958,29379.782358334644
4662,25763.312624703973,26467.68677432624,29379.782358277815
4665,25763.699827355107,26437.818080882193,29379.782358921595
4664,25763.69982536722,26467.698246172244,29379.782358276156
4666,25763.69983177411,26437.81808740981,29379.782358838853
4667,25763.699828494828,26437.818085599734,29592.52602408859
4670,25456.082971922504,26432.550342137616,29559.512124537265
4668,25763.69982780087,26437.818070012076,29592.526024099854
4669,25455.878307062525,26431.61154043444,29559.512124552675
4671,25456.08297275936,26432.550336774966,29559.512124543413
4672,25456.08297770586,26375.75638900248,29559.512124544675
4673,25456.082975811085,26375.756383038635,29559.512124532906
4674,25456.082971903055,26375.756395156102,29559.512124779616
4675,25456.082970448097,26375.756394807777,29559.512124754096
4676,25359.993563725315,26375.75258070356,29559.512124707264
4678,25359.993494727452,27613.325984277777,29559.512124716093
4677,25359.993563725315,26375.75258070356,29559.512124707264
4679,25391.67938660565,27700.50969047853,29559.512127058417
4680,25391.593551062382,27700.507641232223,29559.51212706424
4681,25391.593548145665,27700.50764104889,29559.51212706423
4682,25391.59356359006,27700.507650749336,29559.51212703387
4683,25391.593514002947,27700.50764715769,29559.51212707505
4684,25391.59358326609,27700.507647030674,29559.512127081685
4686,25391.68240122751,27807.35244736482,29559.51212704248
4687,25391.68241550772,27843.999819319695,29559.512127011843
4685,25391.682410123718,27701.1607341468,29559.512127027927
4689,25391.68239741039,27843.999815438077,29559.51212702207
4688,25391.68237017595,27843.999818777593,29559.512127021466
4690,25391.682444619466,26785.52637372558,29559.512127047823
4691,25391.682442390615,26785.52633158737,29559.512127039598
4692,25391.68244239047,26785.52633158712,29559.512127039183
4693,25391.682442187113,26785.526350562635,29559.51212702842
4695,25391.682447240637,26832.442826869763,29559.512127350135
4694,25391.68245324275,26832.44279950339,29559.51212734424
4696,25391.682441551733,26832.44282724618,29559.51212740787
4698,25391.682455332826,26792.54415955138,29559.51212737264
4697,25391.68245580844,26792.54415962768,29559.51212735548
4699,25391.68244365218,26756.247636203687,29559.512127387417
4702,28410.95770964409,26774.809830845898,29559.512126753503
4700,25391.682443652182,26756.247636203672,29559.51212738742
4701,28410.95770340195,26774.80982498676,29559.51212674924
4703,28377.5535126827,26774.028091973414,29543.78092107227
4706,28377.566803456662,27131.98322731424,29557.83794517893
4705,28377.553514211548,27131.94366321517,29557.837945231124
4704,28377.553511091373,26774.02808609853,29557.837945117706
4707,29087.60271861325,27132.165044129506,29557.837945941927
4709,29042.574905401212,27129.971825881497,29511.95571714976
4708,29088.36513909304,27132.16523414016,29557.837946007483
4710,29076.85193676207,27129.992053866823,29511.955716692763
4711,29076.85193655482,27029.023216586636,29511.955716253753
4714,29010.903249413375,27017.57195476476,29410.017616261168
4712,29076.909516060285,27029.0457844908,29511.955716782548
4713,29010.520313295812,27017.57162692029,29410.017616219207
4715,29010.903249399627,27138.119529912983,29410.017616512236
4716,29010.903249273837,28496.478207036293,29410.017617222205
4717,29010.903249273837,28496.478207036293,29410.017617222205
4718,28901.216278910848,28477.579083773362,29176.08046846528
4720,27512.802071858256,14758.5820281973,29356.954971711766
4721,27512.80207848297,14758.58198044444,29356.954971735242
4719,28901.21627891084,28477.57908377336,29176.080468465087
4722,27557.407140814565,14764.428882857464,29356.954971924883
4725,27555.955731656322,13731.636561313724,29356.9549716134
4723,27557.40713712155,14778.243504036263,29356.9549717275
4724,27555.955733693263,14778.243289653443,29356.95497169982
4726,27555.955720810485,13731.636563311422,29356.954971519885
4727,27677.708114117726,13735.008687294603,29390.738167375166
4729,27534.087950069337,13732.105525769664,29358.361540144546
4728,27534.08794852098,13732.105528483396,29358.36154013307
4730,27533.886660135788,13731.936876988671,29358.36153998611
4731,27533.88666013575,13731.93683911513,29358.361539986283
4732,27533.995551672968,13731.954896492169,29358.361539997033
4733,27533.995568897873,27776.307535138854,29358.361540757873
4734,27533.995568897873,27776.307535138854,29358.361540757873
4735,27533.995568897873,27776.307535138854,29358.361540757873
4736,27533.995568713537,27776.307530098275,29358.36154077181
4737,27533.995568713537,27776.307530098275,29358.36154077181
4738,27534.20733158733,27776.35089446847,29358.361540669124
4739,27534.207332858507,27776.350876076438,29358.361540650003
4740,27534.20733292222,27776.35087953301,29358.36154066112
4743,27534.207335376246,27733.28087992662,29358.361539813057
4741,27534.20733292813,27776.35087948668,29358.361540634593
4742,27534.20733292813,27776.35087948668,29358.361540634593
4746,27534.05864735591,27733.27461606457,29358.361539805657
4744,27534.207335496536,27733.280879612503,29358.361539790658
4745,27534.058647411377,27733.274613416022,29358.36153976855
4747,27534.05864566998,27733.27461997036,29358.361539819045
4749,27669.11429212305,27814.407483773066,29390.053587876842
4751,27740.045043926955,28236.471378407325,29390.053587960218
4748,27669.114292015525,27736.9150435619,29390.053588283798
4750,27740.045044431812,27814.428103357295,29390.053588565457
4753,27740.045043826864,28236.47138568254,29390.053587929375
4752,27740.04504399041,28236.47138455518,29390.053587918374
4754,27740.76673303404,28237.046932458034,29390.053587159375
4755,27740.766732794666,28237.046932187823,29390.053587123737
4757,28989.537611261374,28222.377946395645,29390.053587837374
4756,28989.537611261447,28238.33460798812,29390.05358783899
4760,28989.311591445083,28222.37778447757,29346.352642560007
4758,28989.53761130669,28222.377946401673,29390.05358783732
4759,28989.311591591053,28222.377786931254,29390.053587885042
4761,28989.311591445083,28222.37778447757,29346.352642560007
4762,28989.31159144512,28222.377784477583,29346.352642560007
4764,28989.31159145243,28793.11091526296,29346.352643512233
4765,29013.571780498474,28796.5368035055,29368.805756481695
4763,28989.311591445105,28222.782049722737,29346.352642559294
4768,29013.578409492857,28607.865286077198,29368.805755726804
4767,29013.578409525107,28631.678606161076,29368.80575528653
4766,29013.578409527636,28796.537418402248,29368.805756481735
4769,29013.57840949278,28608.41681726377,29368.805755733076
4770,29013.578409359518,28608.416815222477,29578.41026845001
4771,29017.77751121591,28608.43446700974,29578.41026844051
4772,29017.77751121591,28608.43446700974,29578.41026844051
4773,29017.77751121589,28608.43446700911,29578.41026839765
4774,29017.777511354943,28608.434466790946,29578.41026840278
4775,29247.48589646959,28611.478056744534,29578.410268018633
4776,29247.485896469603,28611.47805674455,29578.410268001055
4777,29254.72531915706,28613.04216184641,29588.52351417813
4778,29254.72531938681,28912.323755041187,29588.523514377317
4779,24205.27860284925,28650.748259486238,29182.62440740039
4780,24205.278602232334,28650.748259486154,29182.624407319578
4781,24205.278597868382,28650.748259486165,29182.624407319512
4782,24381.35897353584,28650.75610071009,29182.62440731823
4784,25099.68430749327,28662.93013994771,29380.205061727687
4783,25024.01285004962,28662.915915460442,29380.205061496632
4785,25099.79952858449,28662.941480344576,29380.205061749944
4786,25099.799538803065,28662.941477590943,29406.08796035432
4787,25099.79953670795,28648.238428003926,29406.08796047223
4788,25507.728661921705,28654.72217586257,29489.684500855477
4789,25507.72866223436,28654.722175862524,29489.684500855492
4790,25507.728661854188,28654.722175862553,29489.68450085549
4791,25507.728651748883,28591.256386401346,29489.684500626405
4792,25507.728664482904,28591.256386594472,29489.684500602
4793,25509.060637564166,28591.528199997774,29489.68450018787
4794,25509.060638344723,28591.528199997796,29489.684500187323
4795,25509.060735708103,28591.52819937103,29489.6845006637
4796,25509.060663385142,28591.52819937118,29489.684500671403
4798,25509.060742681482,26303.776616673327,29489.684500661708
4797,25509.06074069039,26380.992666137252,29489.684500684
4799,25816.764754499673,26303.78526392067,29489.684500307063
4800,25817.437619636097,26303.788621419,29489.68450031502
4801,25817.437621341167,26303.788632017524,29489.68450036106
4802,25817.437621831996,26303.78863276936,29489.68450032351
4803,25979.369851923082,26306.183994787592,29524.443628437395
4804,25979.369852321484,26306.183995176987,29524.44362840949
4805,25979.369852321484,26306.183995176987,29524.44362840949
4807,25979.36985233686,26306.183975388667,29524.44362842235
4806,25979.369854182904,26306.183965846307,29524.443628445857
4808,25979.36981952445,27542.415828851124,29524.44362842982
4809,26134.43041814858,27544.88682412074,29555.050827658437
4811,26134.106391118254,27221.667854852072,29555.050827579347
4810,26134.106342402494,27544.885697477603,29555.050827638268
4812,26134.1063911182,27221.667854852054,29555.050827576928
4814,26134.278940751767,27567.40450774712,29555.05082766097
4813,26134.27894909495,27221.67603594021,29555.050827593303
4815,26134.278941576435,27567.40450790384,29555.050827625448
4816,26134.278904244824,27567.40450756229,29555.050827648665
4818,26134.2789627413,26464.934059566367,29555.05082765292
4817,26134.278940096334,27567.404507625026,29555.050827628897
4819,28520.2192136199,26588.605043441512,29555.0508276208
4820,28513.15630100602,26588.60398406819,29555.050827723997
4821,28513.156301003917,26590.277431371287,29555.05082777351
4822,28513.156301006762,26594.87606440625,29555.0508277572
4823,28513.156303615207,26627.012685349946,29555.050827745108
4826,28529.89180787067,26628.903234372738,29563.874439161948
4825,28529.891807870816,26628.903234778885,29563.874439193776
4824,28513.156301052848,26627.01268302258,29555.05082749699
4827,28529.891807870514,26633.291969987527,29563.87443919293
4829,28529.93471588735,26633.4469326596,29563.874439154148
4828,28529.934718662887,26633.446928001253,29563.87443915705
4830,28529.934721096244,26646.177225306637,29563.874439172425
4831,28529.934721096244,26646.177225306645,29563.874439172425
4832,29163.79030236895,26647.07621754745,29563.874439257226
4834,29163.790301838093,26647.076205559075,28433.009792882738
4833,29163.790302367033,26647.07620010615,29563.874439256964
4835,29163.790301840687,26647.076213745175,28433.00979288165
4837,29156.262254244306,26634.473736819687,28433.009799009258
4836,29156.26225425622,26634.473731954255,28433.00979896734
4838,28716.897392009087,29114.03981904846,28230.953015107407
4839,28716.897389268594,29114.039819043952,28230.953011468955
4840,28716.8973892686,29114.03981905932,28230.953011468962
4842,28730.645849834564,29113.69032284407,28230.953009490106
4841,28730.645848561646,29114.044295310025,28230.953009459063
4843,28730.64584387812,29113.69032284577,28230.953009555065
4844,28730.645845140294,29087.059499584757,28230.95300943991
4846,28730.645850571582,28944.583080346954,29490.657420874428
4845,28730.645844557024,29087.059499716634,29490.657420608404
4847,28730.64585302779,28944.5830803469,29490.657420852924
4848,28730.645853026115,28944.58307993754,29490.65742060958
4849,28730.645852373367,28597.46731552801,29490.657421797296
4850,28730.645852373367,28597.467315527996,29490.6574217973
4851,28730.645852373367,28597.467315527996,29490.6574217973
4852,28729.437170290992,28588.37778050758,29490.657421774424
4853,28729.43717105628,28611.330213680772,29490.65742174963
4854,28729.42992331952,28611.24595433828,29490.65742178326
4855,28729.429923319527,28611.245954339032,29490.657421794138
4856,28729.429923319527,28611.24595433846,29490.657421823773
4857,28729.429923319527,28611.245954338465,29490.657421823787
4858,28729.459108315532,28611.453103343632,29490.65742176187
4859,28729.459108315532,28611.453103343632,29490.65742176187
4860,28729.459108315554,28611.453103342683,29490.65742179031
4861,28729.459108114843,28611.453103429856,29470.19324163118
4862,28729.45910811483,28611.453103430104,29470.1932416626
4863,28728.171451231803,28611.452090406863,29470.193241635603
4865,28728.136835440782,28611.160756133395,29470.193241651566
4864,28728.1714512333,28611.452090405473,29470.193241653586
4867,28785.69638821463,28616.639599404538,29506.332973071098
4866,28728.136835430458,28611.160756131605,29470.193241604928
4868,28785.696388080538,28634.268619065053,29506.332973123426
4869,29212.522187909886,28634.72257288645,29506.332973871053
4873,29212.522187125083,25189.16312380042,29506.332973789016
4871,29212.52218704936,27723.21930359577,29506.332973883866
4870,29212.522187049348,27723.219303512233,29506.33297386561
4872,29212.522187125218,25189.163127033557,29506.332973801724
4874,29212.522187124658,25189.163126734187,29506.332973857494
4877,29212.522186465845,25272.63785247785,29506.33297386962
4875,29212.52218712466,25189.163127240034,29506.33297385749
4876,29212.52218646598,25272.637854245488,29506.332973810182
4878,29212.522186465932,25272.637851264855,29506.332973827997
4879,29212.52218646618,25272.63783512162,29506.332973856537
4880,29208.722890549987,25272.62528449808,29506.332973778786
4881,29208.72289145574,22152.583564185203,29506.332973774923
4882,29208.72289145575,22152.583554561497,29506.332973747725
4883,29219.011821318556,22152.603583759093,29506.332974258126
4884,29219.034674988026,22152.616337490286,29506.332974236284
4885,29219.03467499176,22152.616332853868,29506.332974240446
4886,29238.78500300244,22155.958414805522,29529.16642286174
4888,29252.60726973522,22158.333385950435,29544.201781547526
4887,29228.2899981344,22153.922662380606,29516.70763085274
4889,29252.597977330028,22158.322145899278,29544.201781524076
4890,29252.59797794008,22178.004143974442,29544.201781559772
4892,29019.016489390888,22313.79573933943,29544.20178182023
4891,29019.016489394766,22159.645686221407,29544.201781820593
4893,29019.01648944332,22530.083594711166,29544.201781844014
4894,28994.37908966194,22528.75658208481,29520.28376258192
4895,28994.39661862589,22528.757262074367,29520.283762618288
4896,28994.396618624603,22528.757304037666,29520.283762533112
4897,27611.048331992206,28941.90416544807,29527.618150516944
4898,27727.973447786193,28942.6081544111,29561.11952903591
4900,27759.27274415121,28942.902325566603,29561.119529125557
4899,27727.97344741829,28942.90168115378,29561.119528889893
4901,27759.272743874957,28500.415288541924,29561.11952933603
4902,27759.272743831403,28500.41528854197,29561.11952932839
4904,27759.272743948688,28500.4152872035,29573.580743582686
4903,27759.272744108763,28500.415288292774,29573.58074355247
4905,27759.27274344243,28500.415286471958,29381.88382261536
4907,27759.235686136348,28459.81795660904,29381.883823077827
4906,27759.23568531684,28500.415150938017,29381.88382262223
4908,27759.23568507587,26930.025306266543,29381.883822725293
4909,27826.66919227374,26931.057975963427,29400.480546686853
4910,27826.669192273606,26931.057975869146,29400.48054670341
4911,27826.66919240584,26931.0579763773,29400.48054666534
4912,27826.66919261313,26431.946176010955,29400.480547180734
4915,27755.381300300993,26428.38883952349,29383.674442923235
4913,27826.68282195086,26431.94709289238,29400.48054718651
4914,27755.290456961913,26428.322097928667,29383.674442913325
4916,27794.64239257061,26452.196611833573,29383.67444315545
4919,27794.642386297357,27084.051759227325,29383.674443250267
4917,27794.642392551905,26467.81177414301,29383.67444319188
4918,27794.6423932966,27084.05176255415,29383.674442553616
4920,27794.642386293373,27084.051759749425,29383.674443278338
4923,27794.642386250627,25662.5663520733,29383.67444343692
4921,27794.64238613762,27084.051761005503,29383.674442768766
4922,27794.64238614079,27084.051760443686,29383.674442759224
4924,27825.85206600377,25664.516084828087,29392.581671627355
4925,27724.921387890565,25658.014741735402,29361.550887650737
4926,27724.92138781833,25658.014738627397,29361.5508877468
4927,27724.921387943275,25658.01472480464,29361.550887665413
4928,27724.92138806352,25658.014757091158,29361.550887812315
4929,27724.921388004666,25532.199383727202,29361.55088762349
4931,27724.921387902403,25532.19938500614,29361.55088789906
4932,27655.384555089095,25532.162353490257,29361.550888110556
4930,27724.92138805851,25532.199372276467,29361.550887664587
4934,27655.384558134705,25539.49079175839,29361.55088812286
4933,27655.384558182726,25539.49079985705,29361.550888122692
4935,27655.38455189832,25539.490785539143,29361.550888124708
4936,27655.45325557606,25539.91119998174,29361.550888568374
4937,27655.45325557601,25539.911201687828,29361.550888552265
4938,27655.45325459646,25539.911208970552,29361.550888623322
4939,27645.93014048178,25539.898607537263,29361.550888580266
4940,27635.81596222611,25539.896877549283,29361.550888621117
4942,27635.856687345422,25540.373948678818,29361.550889138398
4941,27635.85668111947,25540.373953597238,29361.550889291073
4943,27635.856687345422,25540.373948678818,29361.550889138398
4944,27635.856687315103,25540.37395217512,29361.550889176076
4946,27635.901452443024,25540.38509123091,29361.55088983335
4945,27635.856687169315,25540.37395613704,29361.55088986559
4948,27635.901445346688,25540.38508628544,29361.55088978677
4947,27635.901452319762,25540.38508959915,29361.550889817532
4950,28769.135181209946,1051.757895435473,29361.550888608494
4949,27635.901445949366,1050.2370524906562,29361.55088836151
4952,28769.13517902609,1048.8252551241162,29361.550888332196
4953,28769.135179026118,1047.185101746907,29361.550888302612
4951,28769.13517902608,1048.8252556804584,29361.55088840151
4954,28769.135179026067,1047.1851020029421,29361.550888356083
4955,29200.94198566516,1047.2384061959228,29361.550888999365
4956,28951.374433800484,28820.656921271257,29557.886656927607
4957,28951.37443380062,28820.65692127261,29557.88665694486
4958,28951.374433815836,28800.119868269212,29557.88665684069
4959,28908.222057189407,28794.68929416284,29517.779088026284
4960,28908.222057187504,28794.68929415955,29517.779087991737
4961,28908.22205718942,28794.68929416279,29517.779088041178
4962,28908.22205744525,28798.8624256615,29517.779088388095
4963,28908.22205744529,28798.862425661457,29517.7790883922
4964,28908.222057444545,28798.862425660325,29517.77908838499
4965,28908.222057119943,28686.030973494344,29517.779087553492
4966,28908.222057119878,28686.030973490662,29517.779087615556
4967,28908.222057119765,28686.030973490626,29517.779087588435
4968,28908.222057119783,28686.030973492587,29517.779087580813
4969,28908.222057119783,28686.030973492587,29517.779087580813
4970,28908.183539904087,28685.94809140153,29517.779087604235
4971,28908.183539904087,28685.94809140153,29517.779087604235
4972,28908.183539904123,28685.94809140155,29517.779087593233
4973,28877.771107032757,28684.057918244354,29488.318553675654
4974,28934.167366727706,28684.119050199723,29488.31855346442
4975,28914.305108057266,28680.07074738138,29488.318553883717
4976,27495.919782871053,28679.793950178944,29488.31855347476
4977,27495.919780562894,28679.793949585106,29327.887975532765
4978,27495.91978054625,28679.793949585102,29327.887975588674
4979,27495.919788321822,28080.338531220834,29327.88797559835
4980,27495.919797035323,27744.501982161673,29327.88797482459
4981,27499.234798883615,27744.502222957002,29327.88797472405
4982,27499.234783117732,28791.899892746846,29327.88797543352
4983,27499.234780977233,28791.899892776033,29327.887975408703
4985,27499.2347773374,28791.899892779813,29327.887975413585
4984,27499.23478097724,28791.899892776037,29327.887975408703
4986,27499.234775035453,28764.711236788215,29327.88797541877
4987,27499.234775035453,28764.711236788215,29327.88797541877
4988,27499.85377659322,28764.791595856754,29327.8879754052
4989,27499.853777990447,28802.728116686434,29327.88797516942
4990,27234.722994454572,28801.303223584207,29214.251402716753
4991,27234.723014648574,28801.30322358411,29214.251402716865
4992,27532.501820057234,28802.41560376801,29323.74675765456
4993,27532.501820125555,28778.27841744492,29323.746757903325
4994,27578.07795920339,28778.2896392392,29323.746758361933
4995,28707.6729138869,28781.025851718674,29323.746758052657
4997,28707.672914645012,28712.029969110576,29276.637952392804
4996,28707.67291393148,28712.029969939533,29323.746757749257
4998,28707.756862803235,28712.130424725423,29276.637952370907
4999,28707.756862802475,28712.130424725558,29276.63795237065
5001,28783.02565296463,28714.120126452224,29332.355255306466
5000,28783.025653602832,28714.120121914035,29332.355255233888
5002,28783.02565296458,28714.120126452235,29332.355255306575
5005,28783.025653079592,28839.556428556094,29332.35525499235
5003,28783.025652962962,28714.12012645216,29332.35525531452
5004,28783.025653145975,28843.297143763804,29332.355254305687
5007,28779.074185315116,28839.556333685738,29332.35525415821
5006,28783.025653086628,28839.556428350224,29332.35525500145
5008,28779.07418543669,28811.734134073522,29332.355255228787
5009,28779.074185436406,28811.73413407364,29332.355255228587
5010,28779.013191661732,28811.733668876164,29332.35525511604
5011,28779.01319148855,28811.73366669999,29332.355254803326
5012,28778.950267382515,28811.73322314928,29332.355254803653
5013,28778.950268396344,28811.733219754253,29332.35525432499
5014,28778.979602497562,28811.733991528592,29332.35525432884
5015,29254.8637813818,28380.984768935297,29594.24224315677
5016,29239.959296934954,28377.55476075381,29574.66650001153
5017,29239.959297135418,28377.554760798772,29574.666500012034
5018,29239.959293440097,798.1041055939506,29574.66649998867
5019,29239.93282111038,798.1040995885655,29574.66649998582
5020,29239.93282111038,798.1040995348606,29574.6664999785
5021,29239.932821110397,798.1040995036174,29574.666499995976
5022,29239.932825065705,1044.5899886555103,29574.666500051215
5023,29239.932825065756,1044.589989170588,29574.666500069696
5024,29239.932825065756,1044.589989170588,29574.666500069696
5025,29239.976178455006,1044.5901217174621,29574.66650010409
5026,29239.976178455003,1044.5901217977375,29574.666500113868
5027,29239.976178601562,1044.5901218560002,29587.182222204134
5029,29240.005314923575,1044.5902165283524,29587.182222722582
5028,29239.976178601544,1044.5901218754539,29587.1822222041
5030,29240.005314923583,1044.590216469532,29587.182222726504
5031,29240.516376125655,1044.5902187089137,29587.18222268206
5032,29240.516377377695,1044.4952020417727,29587.182222688265
5033,29240.51637737767,1044.4952021325964,29587.182222693948
5034,29255.942900091024,1044.621300393566,29606.45834535425
5035,29255.942900087768,1044.8539104299853,29606.458345342748
5036,29255.942900087768,27631.451775633137,29606.4583453535
5037,29238.778767617423,27628.412912778153,29586.338987685973
5038,29238.77876761744,27628.412912766355,29586.338987698153
5039,29238.778767617412,27628.412909884213,29586.338987676478
5040,29228.191476237793,27625.890914193842,29572.018054901804
5041,29226.452227151873,27625.890590017174,29572.018055008266
5042,29226.452229079216,27508.469640104537,29572.018054988028
5043,29226.452229079183,27508.469600971963,29572.018054950393
5044,29226.45222847752,27508.469637324826,29572.018054871376
5045,29226.45222847752,27508.469637337665,29572.018054888726
5046,29226.45222846288,27508.469648038736,29572.01805487893
5047,29226.45222846288,27508.4696480486,29572.01805486572
5048,29226.452228410228,27549.367875348777,29572.018054942673
5049,29217.453100662304,27549.356366523447,29572.018055076285
5050,29217.453100662304,27549.356366523483,29572.01805507602
5051,29217.453099021433,27600.35823467803,29572.0180553006
5052,29218.272406249678,27603.546080920343,29572.018054892134
5053,28973.549290494855,27590.070661181948,29572.01805511349
5054,28973.549286053305,27590.070660718542,29572.01805512797
5055,28973.56592812022,27590.07192893626,29572.018055127515
5056,28973.56592790877,27487.19232308013,29572.018054979275
5057,28973.565927305914,27429.520401546994,29572.018054888504
5058,28928.776709300768,27429.14846722348,29525.908224040937
5059,28928.776709054764,27429.14846441547,29359.170505749444
5060,28928.77670905478,27429.148464690308,29359.170505744758
5061,27558.451337874605,27429.086396963176,29359.170505405946
5062,27558.451337874605,27429.086396963176,29359.17050540595
5063,27558.49263042826,27429.089347597197,29359.170505384493
5064,27558.4926308592,27440.819716690312,29359.170505691236
5065,27558.492631491805,27440.819717629314,29359.17050570413
5066,27558.492631488793,27440.819717628965,29359.170505701924
5067,27558.492631122557,27440.819723729743,29359.170504382044
5068,27504.24640075284,27440.816669174586,29359.170504385867
5070,27504.24639876545,27000.47430339046,29359.17050462558
5069,27504.246397974974,26959.407116586997,29359.17050473248
5072,27504.05557896469,26998.58920903314,29359.170505882044
5071,27504.055578152736,26998.589208566118,29359.170505844304
5074,28436.245983078625,27419.733919677583,29559.12172634808
5073,27504.05557857629,26998.589207550733,29359.170505852737
5076,28436.24598182916,27446.97398360896,29559.121726795463
5077,28436.25937692728,27446.97485988879,29559.121726691854
5075,28436.245981827833,27446.97397323312,29559.12172679355
5079,28349.962223258586,27433.637684018027,29518.36468240485
5078,28349.962222684946,27441.873608146117,29518.364682216124
5080,28231.545907261876,27425.45475190375,29452.010598292785
5081,28231.545911703055,27425.454751377594,29452.010599321577
5082,28231.545907275016,27425.45475228811,29452.01059831312
5083,28231.54590727498,27425.454751707566,29452.010598288696
5084,28257.334332840866,27429.89054773243,29452.01059948052
5085,28257.334332840852,27429.890547736264,29452.010599468274
5086,28364.287908774324,27438.977086544444,29521.64672315539
5087,28364.287909541577,25434.49868409925,29521.646722663892
5088,28364.28791183679,25434.498670739704,29521.646722660083
5089,28364.28791047728,25354.95264819882,29521.646722651272
5091,29093.099208825843,25436.87503170283,29521.646722632217
5090,28364.287907184524,25436.47612903818,29521.646722625355
5092,28774.400593920516,25349.91198963872,29521.646720757828
5093,28774.400594034374,25349.911995681716,29521.64672285081
5094,28774.40058964723,25349.911952908617,29521.64672286105
5095,28774.40059297892,25349.911989902474,29506.194848533687
5096,28774.40059297892,25349.911989902474,29506.194848533687
5097,28774.40058907288,25388.674759257687,29506.194848535877
5098,28774.400588845725,25388.674754800537,29506.194848595776
5099,28774.40059540466,25388.674756881865,29506.194848595685
5100,28774.400595404426,25388.674757415967,29506.194848619292
5101,28774.40059387422,25497.82949850103,29506.194848335705
5102,28753.297029074507,25493.31468416107,29473.812267602207
5103,28752.90622533798,25492.57537912612,29473.812267414578
5104,28752.906225447627,25781.893237767727,29473.812267793022
5105,28752.847643783403,25781.887704199824,29473.812267785197
5107,28752.847643766054,28513.35001710726,29473.81226866383
5106,28752.847643674773,26561.167930752104,29473.81226848383
5108,28752.847642373657,28516.772287940435,29473.812268555364
5109,28752.847644191246,28516.772288162298,29473.81226851014
5111,28753.30376292076,28516.772667101024,29473.812268511305
5110,28753.30376292079,28516.772667101075,29473.812268487207
5113,28773.26683185135,28516.83843876188,29473.812268469293
5112,28753.30376292078,28516.772667088626,29473.812268496284
5115,28772.768349039972,28515.803795806292,29473.812268770893
5114,28773.266831851317,28516.83843876191,29473.812268499492
5117,28772.8061326908,28515.812955376503,29473.812268676258
5116,28772.76834903997,28515.803795806263,29473.812268726586
5119,28766.943543905123,28515.751513063944,29473.81226843108
5118,28766.943543905105,28515.75151306404,29473.81226839936
5120,28766.94354390509,28515.751513064002,29473.81226844574
5121,28766.94354384039,944.5802764246084,29473.812268262423
5122,28766.943546698818,945.3277430029009,29473.812268339614
5123,28807.082154138257,945.5252693696891,29537.011435383043
5124,28807.082154138257,945.5252693696891,29537.011435383043
5125,28807.082157088844,945.525269430992,29537.011435371696
5127,28807.082156229633,945.5252694151666,29317.720405979417
5126,28807.08215645588,945.5252694263388,29537.01143534526
5128,28807.082156230863,945.5252694063576,29317.720405966265
5130,28806.930300353288,945.5185288849315,29317.720406397977
5131,28762.78168465352,945.5145467590725,29317.720406465316
5129,28806.93030035284,945.5185288808144,29317.72040632606
5132,28762.78168465252,945.5145467714669,29317.720406469703
5133,638.5923423502988,28349.151041413374,29291.631740757308
5134,638.5923423383613,28365.93983371813,29291.631741020836
5135,638.5923423427087,28365.939833779245,29291.631740927915
5136,638.592342339592,28455.924720833624,29291.631740569723
5138,667.5521782096484,28463.975482791815,29350.408763671934
5139,675.2895408695891,28463.98465463661,29350.40876314819
5137,668.0693603764653,28466.14537245305,29350.40876286792
5140,27098.914091423852,28563.68898293383,29350.408763099636
5141,27098.91407905744,28577.009287779485,29350.408763118903
5143,27098.91409407075,28577.00928779251,29350.408763088573
5142,27098.91409293912,28577.009287754023,29350.408763057916
5144,27098.914099698253,28586.66982405889,29350.408763401978
5145,27098.91409981115,28586.669825337533,29515.195546186085
5147,27098.914096818342,28807.26855324798,29515.19554635985
5146,27098.914098336274,28662.427777592613,29515.19554638633
5148,27098.914096818342,28807.268553247977,29515.195546360315
5149,27098.914096821652,28807.268553247977,29515.19554635985
5150,27337.09843598205,28810.44860954397,29570.57384943653
5151,27337.09843598205,28810.44860954397,29570.57384943653
5152,27337.238806282636,28810.456468370765,29570.573849428773
5153,27337.23880481926,28810.456468090983,29570.573849202046
5154,27337.238806007277,28810.45646809147,29570.57384918973
5155,27454.391080536825,28812.421063200276,29598.487926505717
5156,27454.391067838893,28812.421063201487,29598.48792649641
5157,27451.027589699122,28812.420583390893,29598.48792597336
5159,27450.89132702272,28812.41498817094,29598.487925964313
5158,27450.89132702272,28812.41498817094,29598.487925964313
5161,27439.29851979227,28812.414649617527,29598.487926626374
5160,27450.891327025412,28812.414988170938,29598.487925964313
5162,27442.95724673789,28816.9243948166,29598.487926726197
5163,27442.957247263126,28816.92439481672,29598.487926738897
5165,27444.394465690602,28816.92440873493,29598.48792663788
5164,27442.95723815308,28816.924394819678,29598.48792673926
5166,27444.394467536622,28816.924408735526,29598.48792667698
5168,27533.92264526526,28818.15412379554,29604.09031607279
5169,27533.92870904765,28818.15430094788,29604.090316100926
5167,27533.92264490987,28818.15412381716,29615.401714561016
5170,27533.928708965985,28818.154298877067,29604.09031736476
5171,27533.928708584288,28818.154299659647,29604.090317196944
5172,27533.928709050295,28818.154299659625,29604.09031716024
5173,27533.928709454703,27938.795380324806,29604.0903171659
5174,27533.928709131793,28060.120131593547,29604.090317193222
5175,27533.92766696199,28060.11915283138,29604.090317169874
5177,27533.927666929412,28113.207274494154,29604.09031750958
5176,27533.927666608353,28130.532584860295,29604.09031734663
5178,27533.927666207564,22767.913703536367,29604.09031726856
5179,27533.925976661907,22767.901462509453,29604.0903172556
5180,28941.161210877723,22769.78062799463,29604.09031718827
5181,28941.161210877723,22769.780596396886,29604.090317200193
5182,28941.16121186244,22769.780605311367,29604.09031717556
5183,28941.16121191542,22769.780698837014,29604.090317189504
5184,28941.161211915496,22769.780693135734,29604.090317189148
5185,28941.16121199238,25208.027518240386,29604.09031720098
5188,28941.16121176631,25208.02738075709,29604.090317214002
5186,28941.16121166973,25208.027512802888,29604.0903171778
5187,28941.161211766885,25208.027420546692,29604.090317175916
5189,28930.667600210138,25207.026902609676,29594.798541743985
5193,27247.898168452895,27167.90813572218,29225.52841609664
5192,27247.898166483435,21414.267643310402,29225.528415726614
5191,28930.6675956791,25181.995645051582,29594.798541621873
5194,27247.898174694674,27167.908144300614,29225.528416072608
5190,28930.667593541217,25207.02692470401,29594.798541750206
5195,27247.898169438944,27167.908140133575,29276.32967740175
5197,27247.89817165531,27172.727311222574,29276.32967685638
5198,27247.898175488925,27187.312570979582,29276.329676564492
5199,27244.63626537048,27187.312565061966,29276.329676592384
5196,27247.898174144862,27172.727317519508,29276.32967688564
5202,27244.636261097294,27187.312560393802,29276.32967657863
5203,27326.13374371588,27187.312646305938,29276.329676611054
5200,27244.636261091524,27187.312560394334,29276.329676574976
5201,27244.636261091524,27187.312560394334,29276.329676574976
5204,27326.133744540777,27187.312646047398,29429.576586300627
5205,27326.13374593184,27187.312647370803,29429.576586354815
5207,27547.003260333615,28540.735295409788,29517.353925961994
5206,27326.133746211446,28531.03845402397,29429.576586930416
5208,27547.003259995225,28540.73529540919,29517.35392596147
5209,27547.003259994985,28540.735295409228,29517.353925966225
5210,27546.68691836581,28540.734376706456,29517.3539260036
5211,27546.686918200805,28540.73437670641,29517.353925995776
5212,27533.979394541522,28540.73436666145,29517.35392598172
5214,27603.184080589126,28543.512426476344,29540.1552561774
5213,27533.97938891461,28540.73436798165,29517.35392601096
5215,27708.31466332,28547.86016510575,29572.642534094884
5216,27708.314667233088,28547.860170042095,29572.64253408694
5217,27708.314671564163,28519.131077002625,29572.64253410336
5218,27708.31467330754,28519.131069519724,29572.642534066224
5219,27708.31467330754,28519.131069519724,29572.642534066224
5221,27572.519906045294,28513.39193746429,29526.72308894849
5220,27708.31467330754,28519.131069519724,29572.642534066224
5222,27572.823655143657,28513.392129164204,29526.723089000894
5223,27572.823652480303,28513.392133463003,29526.723088995917
5225,28929.524313036403,28513.39657476326,29526.72308980261
5224,28929.53253344418,28513.396576851097,29526.72308982412
5226,28929.52431303452,28476.485487865633,29526.723088817227
5227,28929.524313034475,28476.485487865655,29526.723088819515
5228,28929.524313034533,28476.48548786576,29526.72308880996
5229,28929.524312810077,28465.07532670004,29526.72308869414
5231,28929.5243127882,29016.256628196476,29526.72308951197
5230,28929.524312919617,28465.07532556325,29526.723089190502
5232,28929.53112834626,29016.256628777963,29526.723089507057
5233,28929.531128457464,28962.32993986067,29526.72308900037
5234,28929.531128457515,28962.329939860647,29526.723088947954
5235,28929.531128457515,28962.329939860647,29526.723088947954
5236,28967.491605054376,28962.833600469494,29526.72308922353
5237,28967.491605079937,28974.35654293488,29526.723089277173
5238,29201.45558303142,28989.518080444526,29526.72308873921
5239,29201.455583048708,28974.398830725768,29526.72308926939
5241,29201.455583048722,28974.39883072468,29526.723089283805
5240,29201.455583048708,28974.39883072576,29526.72308926937
5242,29201.455583048708,28974.39883072473,29526.723089262276
5243,29201.47508117686,28974.39955433026,29526.723089260384
5244,29201.475081400462,28985.876760041196,29526.72308907781
5245,29201.47508127999,28985.876760391642,29526.72308877743
5246,29201.80872189876,28986.141097916945,29526.723088558952
5247,29235.800349181605,28990.374760418395,29576.81880473016
5248,29226.512279029448,28990.35979833536,29576.81880475043
5249,29226.512279029444,28990.359798322723,29576.81880477712
5250,29226.512279079274,29030.538572062615,29576.81880485965
5251,28819.84875507332,20320.66944516399,26335.73916469483
5252,28819.848755706487,20320.669447655524,26335.73916633264
5255,28848.786658328354,20320.70300793598,26335.73916467625
5253,28819.068061450824,20320.66923372248,26335.739164769122
5254,28848.78665842688,20320.703059093306,26335.73916647555
5259,28158.125446680922,20357.206416853976,26335.739166380794
5256,28157.35703634004,20272.066299581147,26335.739165155755
5258,28157.35703619655,20356.284692280708,26335.739163203536
5257,28157.357036215108,20356.284954283517,26335.739166948228
5260,28158.125448411938,20357.20660903665,27878.17403967446
5263,28158.066846395068,20305.079124047566,27878.174040041107
5261,28158.066843944747,20357.194847737243,27878.17403962825
5262,28158.066846263224,20357.194983944668,27878.174039948215
5265,27887.931082547744,20260.077751842342,27650.025476783718
5264,28077.43144766942,20298.76203331595,27650.025477361814
5266,27887.93108331655,20260.07789570615,27650.025477179726
5267,27887.931083287804,20260.077844648622,27650.02547715646
5268,27887.931083289463,20260.077858301353,27650.025477158604
5269,27887.93108345796,20574.959261631804,27650.025477369985
5271,27888.49676911291,20327.16693469325,27650.025477199742
5270,27887.931083586183,20327.16144974583,27650.025477384028
5273,621.2859270830863,20327.108670230955,27650.02546934024
5272,27888.496769239464,20327.1672864102,27650.02547727341
5274,621.2859270842058,27223.927614000746,27650.0254702979
5275,621.2859270853589,27223.927596054524,29406.670681860785
5277,621.2859270662382,27057.974018716297,29406.670681167263
5276,621.2859270528122,27057.973999555674,29406.670681274714
5279,621.285927067903,27049.151152828337,29406.670681869
5278,621.2859270597046,27049.15112669363,29406.670681838914
5280,664.5137712069982,27049.92757123883,29491.848756715877
5281,664.5137712002122,27049.92757146249,29491.84875668651
5282,664.5137712022901,27049.927579666346,29491.84875666813
5283,665.1442572757738,27049.92762860458,29491.848756771935
5284,677.1173392701808,27050.181631037867,29510.948497633017
5285,677.1173392714982,27050.181630366587,29510.948497176338
5286,677.1349755717481,27050.2068705207,29510.948497236885
5287,677.1349755833087,27050.20687079743,29510.948497675345
5288,677.1349755841437,27050.20687098612,29510.948497682213
5290,677.1349755918353,27050.206872163053,29510.948497708287
5289,677.134975583298,27050.206870357128,29510.948497693644
5291,677.1349755838482,27050.20687153956,29510.948497062865
5292,677.1349755977519,27050.206871772723,29510.94849705168
5294,677.0119884524884,26846.71397342584,29510.94849707149
5293,677.1349755683605,26847.451561420028,29510.948497090085
5295,677.0205213824382,26846.857409717028,29510.948497089834
5296,677.0205213824382,26846.857409717028,29510.948497089834
5297,677.0205214023092,28139.56655798212,29510.94849706974
5298,698.2840225502082,28141.31596111259,29534.939621403493
5299,698.2840225475417,28114.626033979137,29534.939621404097
5300,705.2723484154301,28114.626546149433,29534.939621396858
5301,705.27234841479,28114.62654831761,29534.939621758036
5302,705.2723484148827,28114.62654831796,29534.939621754085
5303,705.2723484148707,28114.626548317916,29534.93962175166
5304,705.2723484206858,28175.854505775627,29534.93962179871
5305,705.2723484233409,28737.136583691776,29534.939621754114
5306,724.0755600130717,28737.23002779619,29552.505408559948
5308,724.0755600158851,28737.23002780384,29552.505408550678
5307,724.0755600132928,28737.23002779734,29552.50540858486
5309,724.0755600098064,28218.108874885445,29552.505408556604
5310,28087.505750208096,20216.111483818044,29330.334128340888
5312,28087.50575636037,20216.111504961937,29509.520604317797
5311,28087.505755501716,20216.11150792223,29509.520604340134
5313,28171.616253773995,20219.577750025248,29554.022892580222
5314,28171.616253773995,20219.577750025248,29554.022892580222
5315,28171.616256468224,20219.577751698038,29554.022892572688
5316,28171.61625041275,20219.577793261116,29554.022892595895
5317,28171.61626165834,20219.577752874706,29554.02289280213
5318,28171.616260901203,19206.987787418602,29554.022892038396
5319,28171.616260389834,18739.572641395775,29554.02289249908
5320,28171.616260395094,18739.57268410067,29554.022892522167
5322,28171.146981919246,18868.4394263929,29554.0228924821
5321,28171.616262324787,18868.483703793678,29554.022892502122
5323,28171.146982149698,18868.43942409208,29554.022892493984
5324,28171.1469822176,18868.439417491594,29554.02289248347
5325,28171.14698202369,18868.43942591594,29554.022892516863
5326,28171.14698202369,18868.43942591594,29554.022892516863
5327,28171.146982219147,18826.52528909081,29554.022892428668
5328,28171.14698150129,18826.525298119835,29554.022892436464
5329,28171.14698213402,3386.387115112989,29554.02289242117
5330,28171.14698209158,3386.3871013067296,29554.02289246075
5331,28171.101826378,3386.3815991529555,29554.022892446534
5332,28142.211685930593,3386.082654830859,29536.411357591285
5333,28142.211685123817,3386.0826501310344,29536.41135759436
5334,28142.211684524264,3386.0826493867567,29536.411357383582
5335,28054.351749881815,3385.195102272237,29474.40106757132
5336,27989.190868418573,3385.1806793203,29474.401067797422
5337,27976.136061078796,3385.1776106918696,29474.40106777518
5339,27976.104042148545,3297.6831511734117,29474.4010673739
5338,27976.136061456953,3297.689561581862,29474.401067386723
5340,27976.10403920878,3297.6831612702817,29456.328686798814
5341,27976.10403953142,24836.307512014784,29456.328686879424
5342,27976.133475762483,24836.321345960176,29456.32868687037
5343,28767.202505627647,24867.38519220504,29456.328688011876
5344,28767.202505657053,24694.503215078366,29456.328686662473
5345,28767.202505438443,24731.564341513527,29456.328687574933
5346,28767.513235522703,24731.652017342687,29456.32868752096
5348,28767.53163768392,24729.797557035105,29456.328687788307
5347,28767.53163759286,24731.65419197972,29456.3286875651
5349,28767.53163768391,24729.797596568562,29456.328687787274
5350,28767.53163730765,24729.797513269783,29456.32868781802
5352,26979.456290886414,27495.437036240764,29456.328687417707
5351,26979.456277860016,24729.787853891394,29456.32868742758
5353,26979.456291442446,27495.4370366584,29456.328687596222
5355,26980.931034864872,27495.437033019938,29456.32868757035
5354,26980.931033682875,27495.43703515246,29456.32868761912
5356,26980.931031232463,27495.43704310211,29456.328687628815
5357,27201.490322446654,27501.265930638052,29512.703701893035
5359,27370.89521565655,27506.770565317493,29557.805589701064
5358,27201.490321649093,27501.265928995785,29512.703701764316
5360,27379.330493563393,27507.168958624054,29557.805590254007
5361,27379.33049389616,27638.99653502366,29557.805590234333
5362,27379.330491872424,27638.996531871002,29557.80559028097
5363,27379.330475497896,28435.09191678594,29557.805590286996
5364,27398.893085647178,28435.09197353309,29557.805590145832
5365,27398.893085737975,28435.09198093245,29557.805590034717
5366,27398.893085737975,28435.09198093245,29557.805590035085
5367,27398.893085737996,28435.09198093246,29557.805590033382
5368,27398.893086089116,28435.091979065248,29557.805590050615
5369,28213.912718088,24116.445718137213,29506.215369699334
5371,28213.912722043293,28471.78980632827,29506.215370104168
5370,28213.91271753983,24116.44576605288,29506.21536949272
5372,28213.912721808978,28479.714589257102,29506.215369623613
5373,28213.91272180658,28479.714589256928,29506.215369632664
5374,28213.611540687547,28479.32826793215,29506.215369838344
5375,28213.61154068756,28479.32826793242,29506.21536983458
5376,28213.61154068757,28479.32826793243,29506.21536983461
5377,28213.611540688224,28479.328267933022,29506.215369809423
5378,28213.611540688256,28479.32826793351,29506.21536981273
5379,28332.954940081356,28488.362083240136,29563.226141064013
5380,28332.977038500103,28488.363373413922,29563.226141075873
5381,28385.270003424677,28492.53622882536,29587.152805047328
5382,28385.270003063415,28578.710473597806,29587.152805022844
5383,28385.270003063386,28578.710473597785,29587.15280503411
5384,28385.270003425,28503.78120865515,29587.152805024827
5386,28382.3458042049,28503.77961603218,29587.152805481124
5385,28385.27000342471,28503.781208653556,29587.152805019767
5387,28382.34580445325,28503.779607884513,29587.15280504096
5389,28382.361733386984,28503.841198145907,29392.61930119057
5390,28382.361733386984,28503.841198145907,29392.61930119057
5388,28382.361733219994,28503.84120260963,29587.152805054997
5391,28382.361734091348,28503.84120001839,29347.924040580354
5392,28382.361733819136,28700.84730762736,29347.924040417667
5393,28382.36173381921,28700.84730762746,29347.924040424034
5394,28382.393399088425,28700.85139364686,29347.924040407222
5395,28382.39339908262,28700.851393705954,29347.924040451835
5397,28382.393399032706,28729.21812304495,29347.924039410846
5398,28378.047247510716,28729.218008257587,29347.924039450354
5396,28382.393399082794,28700.851393706205,29347.92404040168
5399,28378.047239261017,28996.176043834406,29347.924039413956
5400,28378.047243111527,28996.050585844016,29347.92403950392
5402,22927.053527013344,28973.6684272361,29347.924039354497
5401,22896.33365404793,28968.35327602921,29347.924040458736
5403,22927.053527145697,28973.6684272361,29347.92403934837
5404,22927.05353188034,28974.29995893312,29347.924039369616
5407,22927.01340987724,28974.242160459406,29347.924040573922
5405,22927.053533606108,28974.29995893313,29347.924039369616
5406,22927.01340706223,28974.24216044988,29347.9240405253
5408,22927.01340987724,28974.242160459406,29347.924040573922
5409,22927.01341333909,28974.242160449216,29347.92404061601
5410,22927.0134139015,28974.242160449234,29347.9240405533
5411,22927.094866431813,28974.259985871086,29347.92403913008
5412,22927.09487256952,27932.266233989103,29347.924038888515
5413,22924.544971063784,27932.26620615297,29347.924037905526
5414,22924.54497081513,27932.266206152817,29347.92403789478
5415,22925.51564283511,27932.266206649503,29347.92403794602
5417,22234.813859606824,27939.190816404312,29327.166913210207
5416,22925.515619876118,27943.06667997394,29347.924038027577
5418,22234.813846844114,27939.190820651133,29327.16691324622
5419,22234.81372663516,27939.19081403748,29327.166913266876
5420,21802.789482818367,27936.124822342026,29311.597018331988
5421,21802.789384872525,27936.124822342026,29311.597018391712
5422,21802.789498358918,27936.124809099183,29311.59702018965
5423,21802.78948611355,27952.9184046189,29311.597019820896
5424,21802.789484024404,27977.960967768624,29311.597019639743
5425,22718.772872236183,27982.19836413137,29342.714428548723
5426,22718.77277287274,27982.198377770626,29342.71442861994
5427,28632.21926324161,27983.58527074223,29342.714428796156
5428,28894.035507229564,28104.236975967746,27983.974841121693
5430,28894.035504414598,28104.236975203974,27983.974841240477
5429,28894.03550737366,28104.23697394247,27983.97484048848
5431,27313.38093296933,28102.473476454274,27983.97484016241
5432,27313.380932969885,28102.47347645427,27983.974840162424
5434,27128.65950819051,28097.81967970604,27852.659270436263
5433,27128.6595084426,28097.8196792927,27852.659270188153
5435,27138.92862343569,28097.82235402152,27852.65927057578
5436,27138.928623578067,28948.99517996182,27852.659249155924
5437,27138.897367179572,28948.970696142045,27852.65925369391
5438,690.9439310877945,28926.42625384184,27852.659249231692
5439,690.9439310877938,28926.426253841833,27852.659249231685
5440,691.1171814689326,28926.642573448935,27852.659249125303
5442,691.1171814689314,28926.64257344893,27852.659249125318
5441,691.1171814689318,28926.64257344897,27852.65924912529
5443,691.117181471083,28872.442535769143,27852.659244570474
5444,691.1171814829574,28838.15691528535,27852.659252230053
5445,691.1171814833363,28838.156914736173,26270.386706569938
5446,665.521005968677,28830.41967364493,25768.270625448662
5447,665.521005968677,28830.41967364493,25768.270626826605
5448,665.5210059555727,28830.419673645185,25768.27062429591
5449,665.5210059459696,28765.97295353426,25768.270625989862
5450,665.5210059343265,28765.97295341271,25768.27062375217
5451,665.5210059343262,28765.972953412667,25768.27062462133
5452,666.1949503705551,28765.972989631176,25768.270627732945
5453,666.1949503813481,28765.972989632246,25768.270626359037
5455,654.8456147599775,28764.49867028683,25768.270624087927
5454,666.3254581069102,28765.994539668565,25768.270626162026
5456,654.8456147599722,28764.498670290086,25768.270623534838
5459,641.0272945731742,28625.491224760866,25768.270622414268
5457,640.9772105596311,28764.498277149687,25768.270624978813
5460,641.0272945731742,28625.491224760866,25768.270622414268
5458,640.977210562874,28625.22653550244,25768.270623372406
5462,636.6237112250319,28625.488247284426,25768.270625290366
5464,676.1338644272312,28636.457081928933,26405.284908118738
5461,636.6237112249751,28625.488247284175,25768.270623913068
5463,676.133864427273,28636.457081928966,26405.284913336527
5467,676.1338644243034,28704.7951909168,26405.284897784666
5465,676.1338644265377,28668.76416213973,26405.284911705032
5466,676.133864424103,28704.795189323,26405.28491034061
5468,676.1338644244462,28704.79519083931,26405.284911656236
5469,676.1338644242212,28704.79519054998,26405.28490474294
5470,676.0875262916395,28704.77785344094,26405.2848918445
5471,676.087526291639,28704.777853440923,26405.28489268903
5472,676.0875262923846,28403.333308446534,26405.284908411595
5473,676.0875263042274,28403.33330552894,29472.147495019442
5474,676.0875263089096,28430.338510603833,29472.147495048564
5475,676.0875262995573,28430.33851196432,29472.147494636316
5476,676.0875263022547,28588.669700874656,29472.14749398989
5478,676.0875263319499,28489.874336565106,29472.14749465279
5477,676.087526307382,28572.285490299517,29472.147493957895
5479,676.0875263173539,28489.874337178822,29472.14749489844
5480,676.0875263075684,28489.874340512528,29472.14749506146
5483,676.0705113949105,28489.863580419405,29472.147494376135
5481,676.0875263103098,28489.87432861022,29472.1474943449
5482,676.0705114057639,28489.863575063435,29472.147494301273
5484,676.0705113999979,28500.562971756866,29472.147494373752
5485,701.6550178331265,28502.72142560591,29505.067773429044
5486,710.6664810921143,28503.81287571073,29518.188267798738
5488,28797.668624813406,25946.645687656335,29270.776754932085
5487,28857.401901237423,25955.00391721129,29316.53293387525
5489,28797.27337651363,25946.464500575046,29270.77675429003
5490,28794.05473857851,25946.46341184803,29270.776754907427
5491,28794.05473857851,25946.46341184803,29270.776754907427
5492,28798.927888487982,25946.467187124952,29270.77675504784
5494,28798.92788826597,25946.46717316541,29270.77675388592
5493,28798.927888262173,25946.467186143953,29270.77675385955
5495,28798.784705727026,25946.452210814423,29270.77675403162
5497,28798.784706526527,25943.774769212847,29270.776753929487
5498,28798.78470652655,25943.7747772933,29270.776753920836
5496,28798.78470572701,25946.452214877194,29270.776754043385
5500,28798.784705864735,25965.363495876016,29270.77675412566
5501,28798.78470651104,25965.36349328551,29270.77675392243
5499,28798.784705864753,25965.363492664364,29270.77675410297
5502,28798.714506775777,25965.35264033999,29270.776753828068
5504,28791.900037972595,25965.347235916743,29270.776753889946
5503,28798.603247910538,25965.34753559676,29270.776753848986
5505,28791.900037970598,25965.34721880497,29270.776753939102
5506,28016.882075583642,25855.625973654423,29270.77675319337
5507,28016.882075144298,25929.156239239906,29270.776754393868
5508,27846.930009655898,25922.99110963176,29186.804586660277
5510,27846.121758637186,25922.972114514676,29186.8045867225
5509,27846.93000364691,25922.99113252604,29186.804586695747
5511,27845.599591783262,25922.832863815573,29186.804586682912
5512,27845.599593556457,26017.197795719978,29186.804585107646
5513,27845.59959177349,26017.197795193308,29186.80458517868
5514,27845.59959177349,26017.197793629603,29186.80458510089
5515,27845.599591241098,25993.69442248292,29186.804586546896
5516,610.4509588762688,25993.332293407348,29186.80458589812
5517,610.4509588780347,25965.07278808506,29186.804585892125
5518,610.4509588657136,25328.2586885728,29186.804584347054
5520,610.4509588784656,25328.2586727827,29186.80458514757
5519,610.4509588739711,25328.258683307842,29186.804584672078
5522,610.4509588756198,25287.63007005628,29240.915479131174
5521,610.4509588863729,25287.630049424413,29186.804584967434
5523,620.034721690823,25288.117140732935,29240.91547937235
5524,664.2250916165099,25288.26734217073,29336.098813078992
5525,664.2250916165351,25288.26732143807,29336.09881316564
5526,664.2250916165347,25287.15372615535,29336.09881317529
5527,664.2250914608471,25287.153730998383,29336.098812840857
5528,664.2250915856984,25287.153700639035,29516.65869751442
5529,664.2250915856985,25287.153700639035,29516.658697514427
5530,664.2250916049378,25287.153741770235,29516.65869750361
5531,664.2250916624129,25287.15374322972,29516.65869752383
5532,664.2250915271402,25099.276671642518,29516.658697478873
5533,664.2250914797878,25099.276654678746,29516.65869764333
5534,664.2250913598575,25099.27664887013,29516.658697634077
5536,664.2250915236675,25099.276681713804,29516.658697393024
5535,664.2250913598575,25099.27664887012,29516.6586976341
5537,687.8365128472076,25099.41509405763,29555.258361316362
5539,687.8365127974473,27823.044239103412,29555.258361315893
5541,676.8726228199212,27822.991110484552,29537.57578573298
5538,687.8365127330768,27823.04422403886,29555.25836131735
5540,676.8726229065296,27822.99110650621,29537.57578639701
5542,676.8726228965594,28749.50277378336,29537.57578588218
5543,676.8726228926716,28749.502773782406,29537.57578586732
5544,684.9257956776046,28749.502984711056,29537.575786330613
5545,684.9257956887416,28897.159841798384,29537.575786146117
5546,26851.48956509535,27123.62033373661,29414.631988132285
5548,26851.4895658786,27770.958917951517,29414.631988423273
5547,26851.489563848176,24901.739278009743,29414.63198837529
5549,26851.489566982116,27770.958903368017,29414.631988011977
5551,634.7105534963945,27725.558963430805,29414.631988489884
5552,634.7105534797232,27725.55895924843,29414.63198803304
5550,26851.489566407217,27770.95889905741,29414.631988005316
5553,634.7105534684106,27682.76004544648,29414.631987611683
5555,634.7105535423042,27497.233839550856,29414.63198799589
5556,664.2201133913753,27503.558988396075,29480.202322402438
5554,634.710553468411,27682.76004544652,29414.63198761172
5558,664.2201133736291,28305.264155098434,29480.20232244372
5559,664.2201133736536,28305.264155098463,29480.202322443693
5557,664.2201133736298,28305.264155098477,29480.20232244372
5560,664.2201133758026,28305.26415490337,29480.202322482088
5564,682.6199360304236,28327.88167153233,29480.202322018948
5562,664.2201133911035,28327.873457920432,29480.2023226797
5561,664.2201134103175,28327.873457456866,29480.20232248132
5563,664.2201134016027,28327.873457178197,29480.20232249086
5566,682.6199360282952,28327.88167153148,29480.202321994973
5567,682.6199360492888,28327.881672890326,29480.202321700788
5565,682.6199360293074,28327.881671530646,29480.20232207531
5568,682.6199360336805,28327.88166857671,29480.202321987235
5569,682.619936044772,28358.347701361665,29480.202321795554
5570,682.6199360601794,28358.347701379156,29480.202321869816
5572,685.7643539163685,28412.226902832263,29480.202321977144
5571,685.7643539364851,28358.353549730517,29480.20232194314
5573,685.7643539219173,28412.226901385417,29480.202322052945
5574,685.7810958520043,28412.809232872565,29480.20232185523
5575,685.7810958610863,28360.852094306625,29480.202321859782
5576,685.7810958605396,28360.852094296337,29480.20232187101
5577,685.7810958620693,28349.27552270912,29480.202321846467
5578,657.2198577442733,28342.923084940245,29418.74020831815
5580,688.2091909837509,28351.247827826184,29491.255404976735
5579,688.1842917379706,28351.24443552638,29491.255404988013
5581,688.2091909812907,28351.247827581006,29491.2554050439
5584,680.5510551037526,28351.236350238745,27905.07304271316
5585,680.5510551040942,28351.23635023908,27905.073042713146
5582,680.551055124241,28351.236358850892,29491.25540481692
5583,680.5510551245211,28351.236358852297,29491.255404844494
5586,680.5510551040942,28351.23635023908,27905.073042713146
5588,709.3889358135984,28357.513919447345,28045.08681164063
5587,709.3443220273502,28357.502425753944,28045.08681300842
5589,709.3889358052545,28690.987535553908,28045.086799579723
5590,709.3889358392913,28690.987535171353,28045.086799104152
5592,709.2758327604943,28688.960288265574,28045.086812572892
5591,709.3889358038182,28690.987527289424,28045.086811635774
5593,700.062341405747,28686.78973801879,28003.83402111621
5594,700.2493650830135,28686.789766980037,28003.83402497748
5595,700.2493651257269,28686.78976709116,26612.880610735934
5596,700.3233451969154,28686.966928699356,26612.88061010557
5597,700.3233451976296,28686.96692869907,26612.88060625248
5599,688.7284179500947,28560.193313436077,26612.880580202615
5598,700.323345196931,28686.966928698886,26612.880622489625
5601,688.7273422075491,28557.45484177039,26612.880621085103
5602,688.727342207549,28557.45484177039,26612.880621085103
5600,688.7284179919657,28557.53801007307,26612.88062228605
5603,688.7273421898179,28566.78465612165,26612.880608935564
5606,29119.202090181556,28680.127943263924,29502.64038390421
5604,28151.249541146783,28576.047853707223,26612.880595695686
5607,29119.20209108315,28661.18282593133,29502.640383993043
5605,29119.202089581242,28665.115548602997,29502.64038394193
5608,29119.20209108315,28661.18282593133,29502.640383993043
5609,29114.630465611088,28659.074964329768,29502.640384248924
5610,29114.630465611095,28659.07496432981,29502.640384252452
5611,29114.630463969297,26934.105812161055,29502.640384299768
5613,29114.630463830625,26934.10583955546,29502.640384268576
5614,29114.63046383061,26934.10583973312,29502.640384297207
5612,29114.630463972102,26934.10578888659,29502.640384304566
5615,29114.63046383063,26934.10583989906,29502.640384289778
5616,29114.630463830596,26934.105839842923,29502.640384300965
5617,29122.858526210795,26934.10795084724,29502.64038385557
5618,29122.858526229582,26934.107968025637,29502.640383877137
5619,29122.85852625497,26938.497025049517,29502.64038384052
5620,29122.85852777105,24227.012845920242,29502.640383902854
5622,29122.858527582062,24227.01293492571,27516.210202972983
5621,29122.858527759734,24227.01286139048,29502.640383881884
5623,29122.858530496887,24227.012926350933,27516.210197682947
5624,29090.95515502544,24223.943486807973,27308.49788569899
5625,29090.955155035976,24223.94346846799,27308.497882782343
5626,29090.955155035965,24223.943467196557,27308.49788278232
5627,29090.95515503595,24223.943507084703,27308.497882782984
5628,29090.955155036798,4765.37096459319,27308.497882741995
5629,29090.955154999818,4765.370972122229,27308.497852550026
5631,29090.955155013566,3609.569295149784,28226.05895872096
5632,29090.955155013562,3609.5692948430246,28226.058958720947
5630,29090.95515501627,4765.370953290607,28226.0589653267
5633,29090.955154881492,3627.1558096939543,28226.058959633934
5635,29091.07673888156,3627.168329309342,28226.058965886048
5636,29091.076739024214,5143.436856245906,28226.058959665934
5634,29090.95515157688,3627.155850005085,28226.05895967326
5637,29091.07673879231,20456.747896138564,28226.058961116934
5639,29090.88989621283,20456.611642276686,28226.058961536804
5640,29095.79477668937,20456.63458410937,28226.05896487771
5638,29091.311442654638,20457.00996685683,28226.058961811483
5641,29095.794776689596,20456.634570854505,28226.05896496398
5644,29120.042559924004,20463.601236470146,28329.05356605297
5642,29127.28548939576,20463.619107570586,28329.05355401894
5643,29127.285489235514,20463.619088143187,28329.053552466914
5645,29120.042559922553,20463.601208880234,28329.05356647934
5646,29120.04255984229,20417.243026384647,28329.05356650034
5647,29120.042559848327,20417.24301969284,28329.05356640454
5648,29120.042559848276,20417.24303198795,28329.05356640375
5649,29120.042559848327,20417.243030681937,28329.053566406223
5650,29119.99166532768,20417.167293173214,28329.05356157507
5651,29119.991665111986,20415.13240632974,28329.053566282215
5652,29140.369475111882,20419.151077757357,28389.911488096997
5653,29140.36947507387,19151.40171292467,28389.911481276205
5655,29140.33800823145,19151.258148124543,28389.91148802235
5654,29140.36947507387,19151.40171292467,28389.911481276205
5656,29140.350633367692,19151.266508107,28389.91148723864
5657,29140.350633367838,19151.26650905999,28389.91148723849
5658,29117.458062471633,19145.955333875103,28316.842065976154
5659,28802.774340924872,19033.6345546664,28316.84207275013
5660,28815.550229477914,19036.727513991027,28352.0717272823
5662,25813.56836147474,19032.058885500326,28352.071718520223
5661,28816.248719280346,19036.734544466388,28352.071727486953
5663,25813.568361474743,19032.058887929194,28352.071718520223
5664,27834.74349600415,25870.60766179294,29426.444278097613
5665,27834.743496005853,25870.607608103404,29426.444278097653
5666,27834.729263060886,25870.576384778484,29426.444278423918
5667,28854.162944834527,25913.738669034163,29426.444278413284
5670,28819.89392307194,25947.845057771265,29411.170437417757
5668,28854.162944834505,25913.738677849447,29426.44427842418
5671,28819.893923071926,25947.84509111425,29411.170437476416
5669,28854.162946165277,25950.949288206175,29426.44427892594
5672,28819.893922854997,25945.28698401706,29411.170437435794
5675,29232.11968519147,25951.209632238675,29411.170437394736
5673,29232.119685191275,25946.335824456066,29411.170437393233
5674,29232.11968519126,25946.335829902608,29411.17043738196
5676,29241.093230563463,25952.948289956516,29418.988673359632
5677,29241.09602264967,25953.025129329646,29418.98867304388
5678,29241.09602261107,25953.025129100337,29418.9886730508
5679,29241.09602332037,25953.025130695118,29376.540646862217
5680,29241.096023320388,25953.025128598572,29376.540646862195
5681,29241.096023321174,25953.025127928653,29376.54064686223
5682,29241.096023321174,25953.025127928653,29376.54064686223
5683,29241.09602333822,27461.922403067794,29376.54064722918
5684,29241.09602333823,27461.9224030681,29376.54064722915
5685,29241.09602331995,931.9411007791978,29376.54064699437
5686,29241.096023314007,933.034424854797,29376.540646760874
5687,29241.096023314334,933.034424854927,29376.540646760946
5688,29241.096023326074,920.1316020674008,29376.54064636399
5689,29241.096023326027,920.1316020673215,29376.540646364003
5690,29241.09602332605,920.1316020625172,29376.540646363977
5692,29241.09602209061,925.2469755614627,29588.42955122613
5691,29241.096020691286,920.1316012840582,29588.4295512457
5693,29240.489246082725,925.0793550312574,29588.42955202322
5694,29240.48667749547,925.0789446330084,29588.42955203714
5695,29240.486677496963,925.0789447923938,29588.42955204543
5696,29240.486677496974,925.0789446828575,29588.42955208404
5697,29240.48842320939,925.0796424783885,29588.42955205225
5698,29240.488423210445,925.0796426805109,29588.4295520429
5699,29240.488423210492,925.079642688588,29588.429552041787
5700,29240.0624972631,925.0796329448212,29588.42955206205
5701,29240.06249726314,925.0796335927257,29588.429552071466
5703,29240.062495998907,928.4061392153283,29588.429551976024
5702,29240.062495372094,925.0796334612656,29588.429551976944
5704,29240.062495305116,526.7214533467198,29588.429551982576
5705,29240.06249554164,527.4870480021418,29588.429551982917
5706,29213.875133011636,527.413402682974,29557.763321957926
5707,29223.67863204563,527.41352072927,29557.763321776132
5708,29223.650343582187,527.4134781905403,29557.763321794162
5709,29228.26223457401,527.4135626693769,29557.763321775623
5710,29228.262234574,527.4135627027988,29557.763321779934
5711,29228.262234375376,26271.155307063913,29557.763322107443
5712,29228.21728922979,26271.153447943776,29557.763322135615
5714,29228.217289229848,26271.15342972411,29557.763322140283
5713,29228.2172892298,26271.15344475255,29557.763322144398
5715,29204.355415930433,26267.457138373084,29523.028934422393
5717,29197.57350739953,26391.486118428944,29523.02893464938
5718,29157.09724934901,26388.01744564676,29464.361832041817
5716,29204.355416606006,26391.491664212954,29523.028934551836
5719,29157.09724934891,26388.01743517733,29464.36183204229
5720,29157.097249348844,26388.01744047158,29464.361832074974
5723,27369.421861984578,1089.9255708586447,28048.65975178722
5722,29157.097249348888,26388.01738550031,29464.361832031274
5721,29157.0972493489,26388.01739477252,29464.36183204939
5724,27369.421862031857,1050.601796242735,28048.65975154748
5725,27369.421862035593,1050.601796242885,28048.659751549254
5726,27369.421861873303,1050.6017961658022,28048.65974340534
5727,27369.421861594732,1050.6017960903637,28048.65974423777
5728,27376.90978554055,1050.6017986511954,28048.65974430449
5729,27376.909786805667,1049.1870736931423,28048.65975154119
5730,27376.909786849337,1049.187073864813,28048.659753440275
5731,27376.90978722649,14383.746851140299,28048.65975764505
5733,27376.882129637008,14383.670104659905,28048.65975194439
5734,27376.882129637008,14383.670104659905,28048.65975194439
5732,27376.882129951096,14383.67011112233,28048.659751620617
5735,27376.882129732116,13881.03244151255,28048.659747842325
5736,27173.60320555266,13878.63599683261,27911.19940856279
5738,27173.514177898673,8352.119893903084,27911.199405514395
5737,27173.603205400534,8353.12620962569,27911.19940296474
5739,27173.51417166806,8234.966407416297,27911.19940583645
5740,27173.51417184883,8234.966395954641,27911.199403317183
5741,27173.514178333357,7446.602403807005,27911.199402742415
5742,27173.51417837447,7446.602534497618,27911.199402477912
5743,27067.471315502014,7442.276833307106,27840.263938795848
5744,27067.47131556642,7134.305666675054,27840.26393265441
5745,27067.440398935483,7134.275354528187,27840.26393740395
5746,27067.49300481672,7134.485937017728,27840.263937420536
5747,27067.493004880533,7134.485913257606,27840.263938939985
5748,27067.493005661516,7134.4859261118445,27840.263934705334
5749,27067.493004960004,7134.485786158012,27840.263932598064
5750,27067.493006023753,22511.725724892804,27840.26393986884
5751,27067.49300252344,22511.725722080762,27840.26394708624
5752,27067.220084041626,22511.133388469443,27840.263947349384
5753,27068.563896193744,22511.13380829541,27840.2639470189
5754,27068.56389294136,22511.133795244026,27840.263947245345
5757,649.804265149689,22178.340504635016,27840.26394585582
5755,660.2151002960229,22178.3691533292,27840.263946277963
5756,649.8042651502199,22178.340677272925,27840.263942021753
5758,649.8042651476467,22178.34063389794,27840.263946098123
5762,649.8042651446563,22250.1895199425,26238.23649312139
5760,649.804265143184,22250.189468722347,26238.23649231192
5759,649.8042651468596,22178.340619124938,26238.236470826723
5761,649.8042651437786,22250.189456664386,26238.236488813363
5763,649.8042651446563,22250.1895199425,26238.23649312139
5766,649.375275775734,22250.18821671022,29450.22250443032
5764,649.8042651518618,22250.18947289763,29450.222504973564
5765,649.3752757977145,22250.188233708297,29450.222505023743
5767,611.684047494283,22216.008853083844,29356.75737014752
5768,611.6840475132699,27884.531669709108,29356.757370166444
5770,611.8880627841888,27885.257943516473,29356.757369825547
5769,611.8880627854305,27885.257943541656,29356.757369814397
5771,631.4968480802468,28001.391962710295,29356.757370391526
5772,577.5450967046388,27948.210145429235,29026.224163544037
5773,577.5450966977703,28262.706351939763,29026.22416487608
5774,623.8546346270269,28305.896446657236,29318.027316448708
5775,623.8546346270269,28305.896446657236,29318.027316448708
5776,623.8546346223943,28305.896445933467,29318.027316405853
5778,623.8546346471121,28201.697565159353,29318.027315708492
5777,623.85463465409,28201.69756522861,29318.02731567918
5779,623.8546346252921,28201.69756724957,29318.027316161686
5780,623.8546346359333,28201.69755715248,29318.02731606723
5781,27958.79337088503,28214.251676843334,29318.027315889805
5782,28409.678034386467,28282.73557673447,29247.54925836419
5783,28409.67803438608,28282.735576734525,29247.549258438976
5785,28411.46734756076,28282.73620386435,29247.54925842367
5784,28411.46734758785,28282.736204302444,29247.549258435614
5786,28157.33260224473,28271.17783245728,29015.025893142352
5787,28157.3326023407,28300.828633330108,29015.025894074417
5788,28157.332602285318,28300.828632576344,29015.025893785518
5790,28289.846966334633,28305.234938703503,29151.154730986986
5789,28289.84696633173,28305.234938338705,29151.154732008115
5791,28289.84696614933,28264.955570177655,29151.154728912552
5793,28291.35768761113,28255.302740799627,29151.154729015863
5792,28291.357687644762,28264.99084443257,29151.154728912654
5794,28291.269540894522,28255.293840342347,29151.154729016227
5795,28291.26954047756,28255.293842203733,29207.901274144744
5797,28291.269535569227,26404.339076703556,29207.901273289135
5796,28291.26953950946,28255.29384249688,29207.901273305768
5798,28291.269535230604,26404.339078668392,29356.390790421658
5799,28291.115823611668,26404.323820980768,29356.390790454596
5801,28833.896773351167,26413.278941152937,29356.390789962257
5800,28833.59007881006,26413.23851844249,29356.39078998717
5802,28821.4813575749,26413.27550082757,29356.390790171437
5804,28821.48135379848,26548.710323966006,29356.39079002471
5803,28821.481357582183,26413.27549472948,29356.39079074657
5805,28821.48135413394,26545.43874904225,29356.39079038183
5806,28821.48135413399,26545.438748535507,29356.39079039936
5807,28821.481354134197,26545.438751166163,29356.390790377518
5808,28821.481354131873,26545.438750311412,29356.39079036776
5809,28821.481354131905,26545.43874421675,29356.39079034451
5810,28821.481356692533,26545.43874185045,29356.39079037394
5811,28821.48135758979,26545.43873588433,29356.390790205063
5812,28821.48135758979,26545.43873588433,29356.390790205063
5813,28821.481356886863,26469.43317236506,29356.390789520927
5814,28821.481357611072,26469.433184019013,29356.390789534402
5815,28821.48135411258,26469.433178932344,29356.390790391357
5816,28821.07234020469,26469.39770928851,29356.390791128055
5818,28970.176175859422,26494.38535894447,29484.92023605937
5817,28855.19462318744,26480.758423245854,29356.390789621735
5820,28970.167439469617,26494.383565332206,29484.92023606271
5819,28970.1761758594,26494.385359712825,29484.92023607749
5821,28970.167439469617,26494.3835616493,29484.920236079102
5822,28969.889305276054,26494.383371102456,29484.920236068694
5824,29025.86456753537,26493.60211876558,29542.164428954085
5823,29025.864566317086,26501.731547223295,29542.16442897351
5825,29025.864567162942,26588.981357685596,29542.164428967433
5826,29025.86456716068,26588.981325267727,29542.164428948374
5827,29025.86456716068,26588.981325267727,29542.164428948374
5828,29025.864566970704,22426.9354391321,29542.164428945893
5829,29025.86456697072,22426.93539030684,29542.164428928503
5831,29065.648148820674,26256.69582688708,29576.34125235253
5830,29025.864565863223,26253.044225497775,29542.16442965816
5832,28346.06899925483,26255.978416771883,29576.341252687154
5834,28349.504106015,528.2361524888319,29576.341252985934
5836,28349.504108655936,528.2361524222615,29576.34125297529
5835,28349.504106015003,528.2361524888319,29576.341252985945
5833,28346.068994917754,528.2361363758682,29576.34125269616
5837,28349.504108655936,528.2361524222615,29576.341252975282
5840,28349.50411385819,528.9653418533929,29576.341252946462
5838,28349.504107662342,528.9653419463839,29576.341252971753
5839,28349.504107662342,528.9653419463839,29576.341252971753
5841,27188.333195851,28910.683178212515,29532.838539535005
5842,27188.333195126026,28910.683178192536,29532.838539509867
5843,27086.58496053508,28909.61058675553,29510.45937833209
5844,27083.129709777724,28907.666848493795,29510.45937808208
5845,27083.129707984877,28811.123032291413,29510.459378146603
5846,27096.425926876444,28811.1230722814,29510.459378378175
5847,27096.425925604162,28812.663169739415,29510.45937846913
5848,28824.388413755092,28812.9880738254,29510.459377833755
5849,28824.38841375502,28812.98807382382,29510.459377830426
5850,28824.388413754612,28812.98807381915,29510.459377811076
5851,28805.23965176245,28812.98028700128,29510.459378726668
5852,28805.239651834327,28812.980288827748,29510.459378779575
5853,28805.23965179351,28856.645532700757,29510.459378344553
5854,28805.239651761094,28281.375548176664,29510.459378227188
5855,28805.2396517615,28281.375548176577,29510.459378198786
5856,28805.239651761607,28281.375548176497,29510.459378215884
5857,28805.239651354525,26586.201920117986,29510.459378205
5858,28805.239650807005,26736.818841701803,29510.459378151347
5859,28805.239650805215,26736.818852224453,29510.459378170824
5860,28805.239650839794,26736.81884140036,29510.459378272095
5861,28805.239650861233,26736.818838556777,29510.459378281397
5862,28805.23964492596,26736.818819415304,29510.45937828019
5863,28804.825931493746,26736.818825645787,29510.459378254156
5864,28804.42711204664,26736.711572490458,29510.45937807469
5865,28804.42711204679,26736.711572580392,29510.459378073247
5866,28804.4271106409,26847.364037043226,29510.45937785999
5867,28804.427112448975,26847.36404061941,29510.45937785966
5868,28804.42711433509,26852.21438283597,29510.459377842264
5869,28804.427114333546,26852.21438065872,29510.45937784283
5870,28804.38927574962,26852.199186962076,29510.459377838404
5871,28804.416413456718,26852.2002480424,29510.459377859417
5872,28804.41640831812,26852.200273478287,29510.459377848394
5874,28024.82725346723,26762.29025583263,29314.48058140882
5875,28024.827245293152,26775.899439768524,29314.48058074813
5873,28024.827257026845,26762.29024134823,29510.459378119616
5878,28024.827248354402,27128.03743051571,29314.48058259164
5879,27863.90617420372,27117.8764623241,29242.33187940629
5876,28024.82724633322,27128.037431768127,29314.480582284235
5877,28024.82724514982,27128.037431695033,29314.480582269738
5881,27863.906177924386,27088.866917632113,29242.331878948666
5880,27863.906177924386,27088.866917632113,29242.331878948666
5883,27863.9061802683,21372.621671717538,29242.331879943573
5882,27863.906180268277,21372.62168440391,29242.33187994358
5886,28041.020643513802,21384.516260137887,29310.572188633345
5884,27863.906177847624,21372.621676878407,29242.331880136262
5885,27863.906177847646,21372.621684582788,29242.33188013626
5887,28041.020643513824,21384.51626086056,29310.572188633287
5889,28041.020644877648,21384.51600030244,29310.5721872942
5888,28041.020643512922,21384.516145414804,29310.572188625185
5891,28040.90149790916,21358.004058307644,29310.572187290087
5890,28040.901496327737,21384.239005254065,29310.57218734924
5893,28187.503951048486,21373.094305125676,29365.69149360965
5894,28185.448580648565,21373.091927410198,29365.691491704052
5892,28121.877293764905,21366.500918925773,29342.906010463463
5895,28185.44858064856,21373.092060087714,29365.691491704136
5896,28185.530952297428,21373.159842724508,29365.691491632853
5897,28185.530962529832,21373.160108575696,29408.519564026195
5899,28185.587421174612,21373.301597375787,29408.519564145616
5898,28185.58742809775,21373.301588863287,29408.519564047565
